ID,CPU_USAGE_1,LAUNCHING_JOB_NUMS_1,CPU_USAGE_2,LAUNCHING_JOB_NUMS_2,CPU_USAGE_3,LAUNCHING_JOB_NUMS_3,CPU_USAGE_4,LAUNCHING_JOB_NUMS_4,CPU_USAGE_5,LAUNCHING_JOB_NUMS_5
1,66,0,66,0,66,0,66,0,66,0
2,36,0,36,0,36,0,36,0,36,0
3,3,0,3,0,3,0,3,0,3,0
4,34,0,34,0,34,0,34,0,34,0
5,0,0,0,0,0,0,0,0,0,0
6,5,0,5,0,5,0,5,0,5,0
7,31,0,31,0,31,0,31,0,31,0
8,0,199,0,199,0,199,0,199,0,199
9,2,0,2,0,2,0,2,0,2,0
10,15,0,15,0,15,0,15,0,15,0
11,2,0,2,0,2,0,2,0,2,0
12,3,0,3,0,3,0,3,0,3,0
13,3,3,3,3,3,3,3,3,3,3
14,2,0,2,0,2,0,2,0,2,0
15,2,0,2,0,2,0,2,0,2,0
16,4,0,4,0,4,0,4,0,4,0
17,27,0,27,0,27,0,27,0,27,0
18,3,0,3,0,3,0,3,0,3,0
19,2,0,2,0,2,0,2,0,2,0
20,1,0,1,0,1,0,1,0,1,0
21,30,0,30,0,30,0,30,0,30,0
22,2,0,2,0,2,0,2,0,2,0
23,2,0,2,0,2,0,2,0,2,0
24,11,0,11,0,11,0,11,0,11,0
25,0,1,0,1,0,1,0,1,0,1
26,2,0,2,0,2,0,2,0,2,0
27,5,0,5,0,5,0,5,0,5,0
28,6,0,6,0,6,0,6,0,6,0
29,59,0,59,0,59,0,59,0,59,0
30,26,0,26,0,26,0,26,0,26,0
31,3,0,3,0,3,0,3,0,3,0
32,72,0,72,0,72,0,72,0,72,0
33,3,0,3,0,3,0,3,0,3,0
34,56,0,56,0,56,0,56,0,56,0
35,1,0,1,0,1,0,1,0,1,0
36,1,0,1,0,1,0,1,0,1,0
37,12,0,12,0,12,0,12,0,12,0
38,1,0,1,0,1,0,1,0,1,0
39,13,0,13,0,13,0,13,0,13,0
40,53,0,53,0,53,0,53,0,53,0
41,5,0,5,0,5,0,5,0,5,0
42,27,0,27,0,27,0,27,0,27,0
43,51,0,51,0,51,0,51,0,51,0
44,3,0,3,0,3,0,3,0,3,0
45,1,0,1,0,1,0,1,0,1,0
46,3,0,3,0,3,0,3,0,3,0
47,2,0,2,0,2,0,2,0,2,0
48,1,0,1,0,1,0,1,0,1,0
49,3,0,3,0,3,0,3,0,3,0
50,2,0,2,0,2,0,2,0,2,0
51,15,0,15,0,15,0,15,0,15,0
52,10,0,10,0,10,0,10,0,10,0
53,2,0,2,0,2,0,2,0,2,0
54,47,0,47,0,47,0,47,0,47,0
55,10,0,10,0,10,0,10,0,10,0
56,53,0,53,0,53,0,53,0,53,0
57,19,0,19,0,19,0,19,0,19,0
58,2,0,2,0,2,0,2,0,2,0
59,3,0,3,0,3,0,3,0,3,0
60,99,0,99,0,99,0,99,0,99,0
61,6,0,6,0,6,0,6,0,6,0
62,1,0,1,0,1,0,1,0,1,0
63,1,0,1,0,1,0,1,0,1,0
64,0,0,0,0,0,0,0,0,0,0
65,1,0,1,0,1,0,1,0,1,0
66,100,0,100,0,100,0,100,0,100,0
67,47,0,47,0,47,0,47,0,47,0
68,2,0,2,0,2,0,2,0,2,0
69,27,0,27,0,27,0,27,0,27,0
70,20,0,20,0,20,0,20,0,20,0
71,21,0,21,0,21,0,21,0,21,0
72,2,2,2,2,2,2,2,2,2,2
73,3,0,3,0,3,0,3,0,3,0
74,9,0,9,0,9,0,9,0,9,0
75,14,0,14,0,14,0,14,0,14,0
76,0,0,0,0,0,0,0,0,0,0
77,21,0,21,0,21,0,21,0,21,0
78,1,0,1,0,1,0,1,0,1,0
79,0,0,0,0,0,0,0,0,0,0
80,8,0,8,0,8,0,8,0,8,0
81,2,0,2,0,2,0,2,0,2,0
82,2,0,2,0,2,0,2,0,2,0
83,22,0,22,0,22,0,22,0,22,0
84,7,0,7,0,7,0,7,0,7,0
85,93,0,93,0,93,0,93,0,93,0
86,4,0,4,0,4,0,4,0,4,0
87,15,0,15,0,15,0,15,0,15,0
88,2,0,2,0,2,0,2,0,2,0
89,2,0,2,0,2,0,2,0,2,0
90,51,0,51,0,51,0,51,0,51,0
91,2,0,2,0,2,0,2,0,2,0
92,0,26,0,26,0,26,0,26,0,26
93,2,0,2,0,2,0,2,0,2,0
94,1,0,1,0,1,0,1,0,1,0
95,12,0,12,0,12,0,12,0,12,0
96,43,0,43,0,43,0,43,0,43,0
97,14,0,14,0,14,0,14,0,14,0
98,0,0,0,0,0,0,0,0,0,0
99,17,0,17,0,17,0,17,0,17,0
100,2,0,2,0,2,0,2,0,2,0
101,2,0,2,0,2,0,2,0,2,0
102,15,0,15,0,15,0,15,0,15,0
103,0,0,0,0,0,0,0,0,0,0
104,2,0,2,0,2,0,2,0,2,0
105,10,0,10,0,10,0,10,0,10,0
106,2,0,2,0,2,0,2,0,2,0
107,3,0,3,0,3,0,3,0,3,0
108,24,0,24,0,24,0,24,0,24,0
109,1,0,1,0,1,0,1,0,1,0
110,35,0,35,0,35,0,35,0,35,0
111,1,0,1,0,1,0,1,0,1,0
112,40,0,40,0,40,0,40,0,40,0
113,0,0,0,0,0,0,0,0,0,0
114,1,0,1,0,1,0,1,0,1,0
115,54,0,54,0,54,0,54,0,54,0
116,0,0,0,0,0,0,0,0,0,0
117,4,0,4,0,4,0,4,0,4,0
118,2,0,2,0,2,0,2,0,2,0
119,0,0,0,0,0,0,0,0,0,0
120,3,0,3,0,3,0,3,0,3,0
121,3,0,3,0,3,0,3,0,3,0
122,46,0,46,0,46,0,46,0,46,0
123,46,0,46,0,46,0,46,0,46,0
124,3,0,3,0,3,0,3,0,3,0
125,1,0,1,0,1,0,1,0,1,0
126,2,0,2,0,2,0,2,0,2,0
127,13,0,13,0,13,0,13,0,13,0
128,78,0,78,0,78,0,78,0,78,0
129,0,0,0,0,0,0,0,0,0,0
130,3,0,3,0,3,0,3,0,3,0
131,1,0,1,0,1,0,1,0,1,0
132,6,0,6,0,6,0,6,0,6,0
133,1,0,1,0,1,0,1,0,1,0
134,8,0,8,0,8,0,8,0,8,0
135,0,0,0,0,0,0,0,0,0,0
136,8,0,8,0,8,0,8,0,8,0
137,3,0,3,0,3,0,3,0,3,0
138,2,0,2,0,2,0,2,0,2,0
139,4,3,4,3,4,3,4,3,4,3
140,3,0,3,0,3,0,3,0,3,0
141,3,0,3,0,3,0,3,0,3,0
142,1,0,1,0,1,0,1,0,1,0
143,47,0,47,0,47,0,47,0,47,0
144,2,0,2,0,2,0,2,0,2,0
145,4,0,4,0,4,0,4,0,4,0
146,2,0,2,0,2,0,2,0,2,0
147,1,0,1,0,1,0,1,0,1,0
148,39,0,39,0,39,0,39,0,39,0
149,0,0,0,0,0,0,0,0,0,0
150,1,0,1,0,1,0,1,0,1,0
151,1,0,1,0,1,0,1,0,1,0
152,25,0,25,0,25,0,25,0,25,0
153,4,0,4,0,4,0,4,0,4,0
154,2,0,2,0,2,0,2,0,2,0
155,6,0,6,0,6,0,6,0,6,0
156,2,0,2,0,2,0,2,0,2,0
157,4,0,4,0,4,0,4,0,4,0
158,0,0,0,0,0,0,0,0,0,0
159,1,0,1,0,1,0,1,0,1,0
160,0,0,0,0,0,0,0,0,0,0
161,42,0,42,0,42,0,42,0,42,0
162,53,0,53,0,53,0,53,0,53,0
163,3,0,3,0,3,0,3,0,3,0
164,1,0,1,0,1,0,1,0,1,0
165,2,0,2,0,2,0,2,0,2,0
166,1,0,1,0,1,0,1,0,1,0
167,2,0,2,0,2,0,2,0,2,0
168,1,0,1,0,1,0,1,0,1,0
169,19,0,19,0,19,0,19,0,19,0
170,2,0,2,0,2,0,2,0,2,0
171,12,0,12,0,12,0,12,0,12,0
172,2,0,2,0,2,0,2,0,2,0
173,10,0,10,0,10,0,10,0,10,0
174,2,2,2,2,2,2,2,2,2,2
175,2,0,2,0,2,0,2,0,2,0
176,2,0,2,0,2,0,2,0,2,0
177,9,0,9,0,9,0,9,0,9,0
178,0,0,0,0,0,0,0,0,0,0
179,2,0,2,0,2,0,2,0,2,0
180,29,0,29,0,29,0,29,0,29,0
181,6,0,6,0,6,0,6,0,6,0
182,2,0,2,0,2,0,2,0,2,0
183,13,0,13,0,13,0,13,0,13,0
184,0,0,0,0,0,0,0,0,0,0
185,0,0,0,0,0,0,0,0,0,0
186,2,0,2,0,2,0,2,0,2,0
187,28,0,28,0,28,0,28,0,28,0
188,3,0,3,0,3,0,3,0,3,0
189,2,0,2,0,2,0,2,0,2,0
190,8,0,8,0,8,0,8,0,8,0
191,4,0,4,0,4,0,4,0,4,0
192,0,0,0,0,0,0,0,0,0,0
193,2,0,2,0,2,0,2,0,2,0
194,2,0,2,0,2,0,2,0,2,0
195,24,0,24,0,24,0,24,0,24,0
196,28,0,28,0,28,0,28,0,28,0
197,3,0,3,0,3,0,3,0,3,0
198,2,0,2,0,2,0,2,0,2,0
199,2,0,2,0,2,0,2,0,2,0
200,29,0,29,0,29,0,29,0,29,0
201,19,0,19,0,19,0,19,0,19,0
202,3,0,3,0,3,0,3,0,3,0
203,40,0,40,0,40,0,40,0,40,0
204,17,0,17,0,17,0,17,0,17,0
205,51,0,51,0,51,0,51,0,51,0
206,0,0,0,0,0,0,0,0,0,0
207,3,1,3,1,3,1,3,1,3,1
208,1,0,1,0,1,0,1,0,1,0
209,3,0,3,0,3,0,3,0,3,0
210,0,0,0,0,0,0,0,0,0,0
211,1,0,1,0,1,0,1,0,1,0
212,4,0,4,0,4,0,4,0,4,0
213,2,0,2,0,2,0,2,0,2,0
214,3,0,3,0,3,0,3,0,3,0
215,2,0,2,0,2,0,2,0,2,0
216,0,0,0,0,0,0,0,0,0,0
217,20,0,20,0,20,0,20,0,20,0
218,3,0,3,0,3,0,3,0,3,0
219,2,0,2,0,2,0,2,0,2,0
220,83,0,83,0,83,0,83,0,83,0
221,9,0,9,0,9,0,9,0,9,0
222,16,0,16,0,16,0,16,0,16,0
223,13,0,13,0,13,0,13,0,13,0
224,1,0,1,0,1,0,1,0,1,0
225,2,0,2,0,2,0,2,0,2,0
226,52,0,52,0,52,0,52,0,52,0
227,0,0,0,0,0,0,0,0,0,0
228,52,0,52,0,52,0,52,0,52,0
229,2,0,2,0,2,0,2,0,2,0
230,0,0,0,0,0,0,0,0,0,0
231,3,0,3,0,3,0,3,0,3,0
232,2,0,2,0,2,0,2,0,2,0
233,6,0,6,0,6,0,6,0,6,0
234,35,0,35,0,35,0,35,0,35,0
235,1,0,1,0,1,0,1,0,1,0
236,28,0,28,0,28,0,28,0,28,0
237,0,0,0,0,0,0,0,0,0,0
238,0,0,0,0,0,0,0,0,0,0
239,11,0,11,0,11,0,11,0,11,0
240,2,0,2,0,2,0,2,0,2,0
241,35,0,35,0,35,0,35,0,35,0
242,18,0,18,0,18,0,18,0,18,0
243,1,0,1,0,1,0,1,0,1,0
244,37,0,37,0,37,0,37,0,37,0
245,3,0,3,0,3,0,3,0,3,0
246,2,0,2,0,2,0,2,0,2,0
247,8,0,8,0,8,0,8,0,8,0
248,80,0,80,0,80,0,80,0,80,0
249,70,0,70,0,70,0,70,0,70,0
250,73,0,73,0,73,0,73,0,73,0
251,4,0,4,0,4,0,4,0,4,0
252,3,0,3,0,3,0,3,0,3,0
253,2,0,2,0,2,0,2,0,2,0
254,100,200,100,200,100,200,100,200,100,200
255,2,0,2,0,2,0,2,0,2,0
256,2,0,2,0,2,0,2,0,2,0
257,2,0,2,0,2,0,2,0,2,0
258,0,0,0,0,0,0,0,0,0,0
259,3,0,3,0,3,0,3,0,3,0
260,7,0,7,0,7,0,7,0,7,0
261,4,0,4,0,4,0,4,0,4,0
262,4,0,4,0,4,0,4,0,4,0
263,17,0,17,0,17,0,17,0,17,0
264,10,0,10,0,10,0,10,0,10,0
265,0,0,0,0,0,0,0,0,0,0
266,3,2,3,2,3,2,3,2,3,2
267,50,0,50,0,50,0,50,0,50,0
268,0,0,0,0,0,0,0,0,0,0
269,56,0,56,0,56,0,56,0,56,0
270,3,0,3,0,3,0,3,0,3,0
271,0,0,0,0,0,0,0,0,0,0
272,1,0,1,0,1,0,1,0,1,0
273,0,0,0,0,0,0,0,0,0,0
274,3,0,3,0,3,0,3,0,3,0
275,2,0,2,0,2,0,2,0,2,0
276,12,0,12,0,12,0,12,0,12,0
277,53,0,53,0,53,0,53,0,53,0
278,6,0,6,0,6,0,6,0,6,0
279,5,0,5,0,5,0,5,0,5,0
280,26,0,26,0,26,0,26,0,26,0
281,80,0,80,0,80,0,80,0,80,0
282,16,0,16,0,16,0,16,0,16,0
283,25,0,25,0,25,0,25,0,25,0
284,3,0,3,0,3,0,3,0,3,0
285,75,0,75,0,75,0,75,0,75,0
286,65,0,65,0,65,0,65,0,65,0
287,2,0,2,0,2,0,2,0,2,0
288,12,0,12,0,12,0,12,0,12,0
289,4,0,4,0,4,0,4,0,4,0
290,23,0,23,0,23,0,23,0,23,0
291,2,0,2,0,2,0,2,0,2,0
292,1,0,1,0,1,0,1,0,1,0
293,2,0,2,0,2,0,2,0,2,0
294,1,0,1,0,1,0,1,0,1,0
295,2,0,2,0,2,0,2,0,2,0
296,2,0,2,0,2,0,2,0,2,0
297,9,0,9,0,9,0,9,0,9,0
298,23,0,23,0,23,0,23,0,23,0
299,0,69,0,69,0,69,0,69,0,69
300,6,0,6,0,6,0,6,0,6,0
301,13,0,13,0,13,0,13,0,13,0
302,22,0,22,0,22,0,22,0,22,0
303,17,0,17,0,17,0,17,0,17,0
304,2,0,2,0,2,0,2,0,2,0
305,1,0,1,0,1,0,1,0,1,0
306,47,0,47,0,47,0,47,0,47,0
307,6,0,6,0,6,0,6,0,6,0
308,2,0,2,0,2,0,2,0,2,0
309,2,0,2,0,2,0,2,0,2,0
310,2,0,2,0,2,0,2,0,2,0
311,1,0,1,0,1,0,1,0,1,0
312,1,0,1,0,1,0,1,0,1,0
313,2,0,2,0,2,0,2,0,2,0
314,23,0,23,0,23,0,23,0,23,0
315,3,0,3,0,3,0,3,0,3,0
316,1,0,1,0,1,0,1,0,1,0
317,2,0,2,0,2,0,2,0,2,0
318,2,0,2,0,2,0,2,0,2,0
319,2,0,2,0,2,0,2,0,2,0
320,3,2,3,2,3,2,3,2,3,2
321,1,0,1,0,1,0,1,0,1,0
322,2,0,2,0,2,0,2,0,2,0
323,2,0,2,0,2,0,2,0,2,0
324,2,0,2,0,2,0,2,0,2,0
325,1,0,1,0,1,0,1,0,1,0
326,2,0,2,0,2,0,2,0,2,0
327,1,0,1,0,1,0,1,0,1,0
328,13,0,13,0,13,0,13,0,13,0
329,2,0,2,0,2,0,2,0,2,0
330,0,0,0,0,0,0,0,0,0,0
331,4,0,4,0,4,0,4,0,4,0
332,5,0,5,0,5,0,5,0,5,0
333,1,0,1,0,1,0,1,0,1,0
334,7,0,7,0,7,0,7,0,7,0
335,2,0,2,0,2,0,2,0,2,0
336,0,0,0,0,0,0,0,0,0,0
337,42,0,42,0,42,0,42,0,42,0
338,2,0,2,0,2,0,2,0,2,0
339,2,0,2,0,2,0,2,0,2,0
340,3,1,3,1,3,1,3,1,3,1
341,1,0,1,0,1,0,1,0,1,0
342,3,0,3,0,3,0,3,0,3,0
343,79,0,79,0,79,0,79,0,79,0
344,4,0,4,0,4,0,4,0,4,0
345,3,0,3,0,3,0,3,0,3,0
346,16,0,16,0,16,0,16,0,16,0
347,35,0,35,0,35,0,35,0,35,0
348,49,0,49,0,49,0,49,0,49,0
349,1,0,1,0,1,0,1,0,1,0
350,11,0,11,0,11,0,11,0,11,0
351,2,0,2,0,2,0,2,0,2,0
352,2,0,2,0,2,0,2,0,2,0
353,0,0,0,0,0,0,0,0,0,0
354,0,0,0,0,0,0,0,0,0,0
355,54,0,54,0,54,0,54,0,54,0
356,40,0,40,0,40,0,40,0,40,0
357,2,0,2,0,2,0,2,0,2,0
358,5,0,5,0,5,0,5,0,5,0
359,22,0,22,0,22,0,22,0,22,0
360,20,0,20,0,20,0,20,0,20,0
361,8,0,8,0,8,0,8,0,8,0
362,55,0,55,0,55,0,55,0,55,0
363,0,0,0,0,0,0,0,0,0,0
364,57,0,57,0,57,0,57,0,57,0
365,3,2,3,2,3,2,3,2,3,2
366,35,0,35,0,35,0,35,0,35,0
367,9,0,9,0,9,0,9,0,9,0
368,2,2,2,2,2,2,2,2,2,2
369,3,0,3,0,3,0,3,0,3,0
370,3,0,3,0,3,0,3,0,3,0
371,2,0,2,0,2,0,2,0,2,0
372,1,0,1,0,1,0,1,0,1,0
373,3,0,3,0,3,0,3,0,3,0
374,2,0,2,0,2,0,2,0,2,0
375,10,0,10,0,10,0,10,0,10,0
376,50,0,50,0,50,0,50,0,50,0
377,3,0,3,0,3,0,3,0,3,0
378,2,0,2,0,2,0,2,0,2,0
379,19,0,19,0,19,0,19,0,19,0
380,1,0,1,0,1,0,1,0,1,0
381,0,0,0,0,0,0,0,0,0,0
382,6,0,6,0,6,0,6,0,6,0
383,6,0,6,0,6,0,6,0,6,0
384,1,0,1,0,1,0,1,0,1,0
385,3,0,3,0,3,0,3,0,3,0
386,34,0,34,0,34,0,34,0,34,0
387,30,0,30,0,30,0,30,0,30,0
388,2,0,2,0,2,0,2,0,2,0
389,32,0,32,0,32,0,32,0,32,0
390,3,0,3,0,3,0,3,0,3,0
391,7,0,7,0,7,0,7,0,7,0
392,2,0,2,0,2,0,2,0,2,0
393,0,0,0,0,0,0,0,0,0,0
394,10,0,10,0,10,0,10,0,10,0
395,1,0,1,0,1,0,1,0,1,0
396,2,0,2,0,2,0,2,0,2,0
397,3,0,3,0,3,0,3,0,3,0
398,57,0,57,0,57,0,57,0,57,0
399,10,0,10,0,10,0,10,0,10,0
400,63,0,63,0,63,0,63,0,63,0
401,41,0,41,0,41,0,41,0,41,0
402,0,0,0,0,0,0,0,0,0,0
403,2,1,2,1,2,1,2,1,2,1
404,1,0,1,0,1,0,1,0,1,0
405,2,0,2,0,2,0,2,0,2,0
406,2,0,2,0,2,0,2,0,2,0
407,3,0,3,0,3,0,3,0,3,0
408,2,0,2,0,2,0,2,0,2,0
409,2,0,2,0,2,0,2,0,2,0
410,15,0,15,0,15,0,15,0,15,0
411,1,0,1,0,1,0,1,0,1,0
412,0,0,0,0,0,0,0,0,0,0
413,27,0,27,0,27,0,27,0,27,0
414,0,0,0,0,0,0,0,0,0,0
415,55,0,55,0,55,0,55,0,55,0
416,2,0,2,0,2,0,2,0,2,0
417,11,0,11,0,11,0,11,0,11,0
418,0,0,0,0,0,0,0,0,0,0
419,5,3,5,3,5,3,5,3,5,3
420,2,0,2,0,2,0,2,0,2,0
421,7,0,7,0,7,0,7,0,7,0
422,9,0,9,0,9,0,9,0,9,0
423,2,0,2,0,2,0,2,0,2,0
424,3,0,3,0,3,0,3,0,3,0
425,15,0,15,0,15,0,15,0,15,0
426,1,0,1,0,1,0,1,0,1,0
427,3,0,3,0,3,0,3,0,3,0
428,54,0,54,0,54,0,54,0,54,0
429,32,0,32,0,32,0,32,0,32,0
430,5,0,5,0,5,0,5,0,5,0
431,46,0,46,0,46,0,46,0,46,0
432,24,0,24,0,24,0,24,0,24,0
433,3,0,3,0,3,0,3,0,3,0
434,6,0,6,0,6,0,6,0,6,0
435,39,0,39,0,39,0,39,0,39,0
436,4,0,4,0,4,0,4,0,4,0
437,4,0,4,0,4,0,4,0,4,0
438,5,0,5,0,5,0,5,0,5,0
439,12,0,12,0,12,0,12,0,12,0
440,2,0,2,0,2,0,2,0,2,0
441,5,0,5,0,5,0,5,0,5,0
442,57,0,57,0,57,0,57,0,57,0
443,2,0,2,0,2,0,2,0,2,0
444,3,0,3,0,3,0,3,0,3,0
445,11,0,11,0,11,0,11,0,11,0
446,1,0,1,0,1,0,1,0,1,0
447,0,0,0,0,0,0,0,0,0,0
448,5,0,5,0,5,0,5,0,5,0
449,3,2,3,2,3,2,3,2,3,2
450,2,0,2,0,2,0,2,0,2,0
451,0,0,0,0,0,0,0,0,0,0
452,8,0,8,0,8,0,8,0,8,0
453,5,0,5,0,5,0,5,0,5,0
454,12,0,12,0,12,0,12,0,12,0
455,76,0,76,0,76,0,76,0,76,0
456,0,0,0,0,0,0,0,0,0,0
457,2,0,2,0,2,0,2,0,2,0
458,3,0,3,0,3,0,3,0,3,0
459,4,0,4,0,4,0,4,0,4,0
460,54,0,54,0,54,0,54,0,54,0
461,16,0,16,0,16,0,16,0,16,0
462,5,1,5,1,5,1,5,1,5,1
463,5,0,5,0,5,0,5,0,5,0
464,35,0,35,0,35,0,35,0,35,0
465,4,0,4,0,4,0,4,0,4,0
466,2,0,2,0,2,0,2,0,2,0
467,84,0,84,0,84,0,84,0,84,0
468,18,0,18,0,18,0,18,0,18,0
469,2,0,2,0,2,0,2,0,2,0
470,2,1,2,1,2,1,2,1,2,1
471,12,0,12,0,12,0,12,0,12,0
472,1,0,1,0,1,0,1,0,1,0
473,21,0,21,0,21,0,21,0,21,0
474,2,0,2,0,2,0,2,0,2,0
475,23,0,23,0,23,0,23,0,23,0
476,59,0,59,0,59,0,59,0,59,0
477,26,0,26,0,26,0,26,0,26,0
478,4,0,4,0,4,0,4,0,4,0
479,61,0,61,0,61,0,61,0,61,0
480,1,0,1,0,1,0,1,0,1,0
481,1,0,1,0,1,0,1,0,1,0
482,24,0,24,0,24,0,24,0,24,0
483,3,0,3,0,3,0,3,0,3,0
484,2,0,2,0,2,0,2,0,2,0
485,9,0,9,0,9,0,9,0,9,0
486,5,0,5,0,5,0,5,0,5,0
487,10,0,10,0,10,0,10,0,10,0
488,2,0,2,0,2,0,2,0,2,0
489,2,0,2,0,2,0,2,0,2,0
490,3,0,3,0,3,0,3,0,3,0
491,19,0,19,0,19,0,19,0,19,0
492,2,0,2,0,2,0,2,0,2,0
493,25,0,25,0,25,0,25,0,25,0
494,14,0,14,0,14,0,14,0,14,0
495,22,0,22,0,22,0,22,0,22,0
496,21,0,21,0,21,0,21,0,21,0
497,2,0,2,0,2,0,2,0,2,0
498,3,1,3,1,3,1,3,1,3,1
499,2,0,2,0,2,0,2,0,2,0
500,0,0,0,0,0,0,0,0,0,0
501,4,0,4,0,4,0,4,0,4,0
502,47,0,47,0,47,0,47,0,47,0
503,2,0,2,0,2,0,2,0,2,0
504,0,0,0,0,0,0,0,0,0,0
505,9,0,9,0,9,0,9,0,9,0
506,0,0,0,0,0,0,0,0,0,0
507,2,3,2,3,2,3,2,3,2,3
508,2,0,2,0,2,0,2,0,2,0
509,2,0,2,0,2,0,2,0,2,0
510,5,0,5,0,5,0,5,0,5,0
511,2,3,2,3,2,3,2,3,2,3
512,2,0,2,0,2,0,2,0,2,0
513,3,0,3,0,3,0,3,0,3,0
514,1,0,1,0,1,0,1,0,1,0
515,3,0,3,0,3,0,3,0,3,0
516,8,0,8,0,8,0,8,0,8,0
517,25,0,25,0,25,0,25,0,25,0
518,28,0,28,0,28,0,28,0,28,0
519,2,0,2,0,2,0,2,0,2,0
520,56,0,56,0,56,0,56,0,56,0
521,4,0,4,0,4,0,4,0,4,0
522,23,0,23,0,23,0,23,0,23,0
523,1,0,1,0,1,0,1,0,1,0
524,2,0,2,0,2,0,2,0,2,0
525,2,0,2,0,2,0,2,0,2,0
526,47,0,47,0,47,0,47,0,47,0
527,4,0,4,0,4,0,4,0,4,0
528,2,0,2,0,2,0,2,0,2,0
529,2,0,2,0,2,0,2,0,2,0
530,2,199,2,199,2,199,2,199,2,199
531,3,0,3,0,3,0,3,0,3,0
532,4,0,4,0,4,0,4,0,4,0
533,2,0,2,0,2,0,2,0,2,0
534,3,0,3,0,3,0,3,0,3,0
535,14,0,14,0,14,0,14,0,14,0
536,2,0,2,0,2,0,2,0,2,0
537,63,0,63,0,63,0,63,0,63,0
538,1,0,1,0,1,0,1,0,1,0
539,0,0,0,0,0,0,0,0,0,0
540,3,0,3,0,3,0,3,0,3,0
541,5,0,5,0,5,0,5,0,5,0
542,2,0,2,0,2,0,2,0,2,0
543,7,0,7,0,7,0,7,0,7,0
544,3,0,3,0,3,0,3,0,3,0
545,48,0,48,0,48,0,48,0,48,0
546,13,0,13,0,13,0,13,0,13,0
547,12,0,12,0,12,0,12,0,12,0
548,100,199,100,199,100,199,100,199,100,199
549,51,0,51,0,51,0,51,0,51,0
550,10,0,10,0,10,0,10,0,10,0
551,42,0,42,0,42,0,42,0,42,0
552,52,0,52,0,52,0,52,0,52,0
553,3,0,3,0,3,0,3,0,3,0
554,2,0,2,0,2,0,2,0,2,0
555,67,0,67,0,67,0,67,0,67,0
556,2,0,2,0,2,0,2,0,2,0
557,15,0,15,0,15,0,15,0,15,0
558,28,0,28,0,28,0,28,0,28,0
559,6,0,6,0,6,0,6,0,6,0
560,5,0,5,0,5,0,5,0,5,0
561,3,0,3,0,3,0,3,0,3,0
562,34,0,34,0,34,0,34,0,34,0
563,3,0,3,0,3,0,3,0,3,0
564,0,0,0,0,0,0,0,0,0,0
565,1,0,1,0,1,0,1,0,1,0
566,14,0,14,0,14,0,14,0,14,0
567,1,0,1,0,1,0,1,0,1,0
568,1,0,1,0,1,0,1,0,1,0
569,3,0,3,0,3,0,3,0,3,0
570,3,0,3,0,3,0,3,0,3,0
571,1,0,1,0,1,0,1,0,1,0
572,52,0,52,0,52,0,52,0,52,0
573,29,0,29,0,29,0,29,0,29,0
574,3,0,3,0,3,0,3,0,3,0
575,16,0,16,0,16,0,16,0,16,0
576,3,0,3,0,3,0,3,0,3,0
577,17,0,17,0,17,0,17,0,17,0
578,52,0,52,0,52,0,52,0,52,0
579,20,0,20,0,20,0,20,0,20,0
580,2,0,2,0,2,0,2,0,2,0
581,38,0,38,0,38,0,38,0,38,0
582,2,0,2,0,2,0,2,0,2,0
583,2,0,2,0,2,0,2,0,2,0
584,3,0,3,0,3,0,3,0,3,0
585,54,0,54,0,54,0,54,0,54,0
586,2,0,2,0,2,0,2,0,2,0
587,2,0,2,0,2,0,2,0,2,0
588,0,0,0,0,0,0,0,0,0,0
589,1,0,1,0,1,0,1,0,1,0
590,4,0,4,0,4,0,4,0,4,0
591,2,0,2,0,2,0,2,0,2,0
592,10,0,10,0,10,0,10,0,10,0
593,18,0,18,0,18,0,18,0,18,0
594,43,0,43,0,43,0,43,0,43,0
595,50,0,50,0,50,0,50,0,50,0
596,2,0,2,0,2,0,2,0,2,0
597,0,0,0,0,0,0,0,0,0,0
598,2,0,2,0,2,0,2,0,2,0
599,2,0,2,0,2,0,2,0,2,0
600,0,0,0,0,0,0,0,0,0,0
601,2,0,2,0,2,0,2,0,2,0
602,1,0,1,0,1,0,1,0,1,0
603,1,0,1,0,1,0,1,0,1,0
604,2,0,2,0,2,0,2,0,2,0
605,37,0,37,0,37,0,37,0,37,0
606,90,0,90,0,90,0,90,0,90,0
607,3,0,3,0,3,0,3,0,3,0
608,35,0,35,0,35,0,35,0,35,0
609,49,0,49,0,49,0,49,0,49,0
610,2,0,2,0,2,0,2,0,2,0
611,3,0,3,0,3,0,3,0,3,0
612,21,0,21,0,21,0,21,0,21,0
613,1,0,1,0,1,0,1,0,1,0
614,36,0,36,0,36,0,36,0,36,0
615,19,0,19,0,19,0,19,0,19,0
616,10,0,10,0,10,0,10,0,10,0
617,1,0,1,0,1,0,1,0,1,0
618,2,0,2,0,2,0,2,0,2,0
619,2,0,2,0,2,0,2,0,2,0
620,3,0,3,0,3,0,3,0,3,0
621,13,0,13,0,13,0,13,0,13,0
622,4,0,4,0,4,0,4,0,4,0
623,21,0,21,0,21,0,21,0,21,0
624,2,0,2,0,2,0,2,0,2,0
625,0,0,0,0,0,0,0,0,0,0
626,0,1,0,1,0,1,0,1,0,1
627,2,0,2,0,2,0,2,0,2,0
628,3,0,3,0,3,0,3,0,3,0
629,3,0,3,0,3,0,3,0,3,0
630,19,0,19,0,19,0,19,0,19,0
631,0,0,0,0,0,0,0,0,0,0
632,2,0,2,0,2,0,2,0,2,0
633,81,0,81,0,81,0,81,0,81,0
634,43,0,43,0,43,0,43,0,43,0
635,1,0,1,0,1,0,1,0,1,0
636,3,0,3,0,3,0,3,0,3,0
637,1,0,1,0,1,0,1,0,1,0
638,72,0,72,0,72,0,72,0,72,0
639,21,0,21,0,21,0,21,0,21,0
640,68,0,68,0,68,0,68,0,68,0
641,39,0,39,0,39,0,39,0,39,0
642,55,0,55,0,55,0,55,0,55,0
643,18,0,18,0,18,0,18,0,18,0
644,3,0,3,0,3,0,3,0,3,0
645,1,0,1,0,1,0,1,0,1,0
646,0,0,0,0,0,0,0,0,0,0
647,5,0,5,0,5,0,5,0,5,0
648,17,0,17,0,17,0,17,0,17,0
649,2,0,2,0,2,0,2,0,2,0
650,52,0,52,0,52,0,52,0,52,0
651,82,0,82,0,82,0,82,0,82,0
652,2,0,2,0,2,0,2,0,2,0
653,2,0,2,0,2,0,2,0,2,0
654,0,0,0,0,0,0,0,0,0,0
655,6,0,6,0,6,0,6,0,6,0
656,10,0,10,0,10,0,10,0,10,0
657,4,1,4,1,4,1,4,1,4,1
658,2,0,2,0,2,0,2,0,2,0
659,1,0,1,0,1,0,1,0,1,0
660,23,0,23,0,23,0,23,0,23,0
661,2,0,2,0,2,0,2,0,2,0
662,6,0,6,0,6,0,6,0,6,0
663,1,0,1,0,1,0,1,0,1,0
664,72,0,72,0,72,0,72,0,72,0
665,93,0,93,0,93,0,93,0,93,0
666,76,0,76,0,76,0,76,0,76,0
667,3,0,3,0,3,0,3,0,3,0
668,23,0,23,0,23,0,23,0,23,0
669,0,0,0,0,0,0,0,0,0,0
670,2,0,2,0,2,0,2,0,2,0
671,10,0,10,0,10,0,10,0,10,0
672,0,0,0,0,0,0,0,0,0,0
673,1,0,1,0,1,0,1,0,1,0
674,2,0,2,0,2,0,2,0,2,0
675,2,4,2,4,2,4,2,4,2,4
676,2,0,2,0,2,0,2,0,2,0
677,6,0,6,0,6,0,6,0,6,0
678,46,0,46,0,46,0,46,0,46,0
679,2,0,2,0,2,0,2,0,2,0
680,4,0,4,0,4,0,4,0,4,0
681,1,0,1,0,1,0,1,0,1,0
682,2,0,2,0,2,0,2,0,2,0
683,6,0,6,0,6,0,6,0,6,0
684,2,0,2,0,2,0,2,0,2,0
685,11,1,11,1,11,1,11,1,11,1
686,3,0,3,0,3,0,3,0,3,0
687,3,0,3,0,3,0,3,0,3,0
688,86,1,86,1,86,1,86,1,86,1
689,11,0,11,0,11,0,11,0,11,0
690,3,0,3,0,3,0,3,0,3,0
691,9,0,9,0,9,0,9,0,9,0
692,1,0,1,0,1,0,1,0,1,0
693,2,0,2,0,2,0,2,0,2,0
694,2,0,2,0,2,0,2,0,2,0
695,66,0,66,0,66,0,66,0,66,0
696,0,0,0,0,0,0,0,0,0,0
697,4,0,4,0,4,0,4,0,4,0
698,8,0,8,0,8,0,8,0,8,0
699,25,0,25,0,25,0,25,0,25,0
700,2,2,2,2,2,2,2,2,2,2
701,4,0,4,0,4,0,4,0,4,0
702,56,0,56,0,56,0,56,0,56,0
703,6,0,6,0,6,0,6,0,6,0
704,2,0,2,0,2,0,2,0,2,0
705,0,0,0,0,0,0,0,0,0,0
706,59,0,59,0,59,0,59,0,59,0
707,31,0,31,0,31,0,31,0,31,0
708,2,0,2,0,2,0,2,0,2,0
709,6,0,6,0,6,0,6,0,6,0
710,2,0,2,0,2,0,2,0,2,0
711,1,0,1,0,1,0,1,0,1,0
712,3,0,3,0,3,0,3,0,3,0
713,7,0,7,0,7,0,7,0,7,0
714,79,0,79,0,79,0,79,0,79,0
715,0,0,0,0,0,0,0,0,0,0
716,1,0,1,0,1,0,1,0,1,0
717,1,0,1,0,1,0,1,0,1,0
718,10,0,10,0,10,0,10,0,10,0
719,49,0,49,0,49,0,49,0,49,0
720,2,0,2,0,2,0,2,0,2,0
721,2,0,2,0,2,0,2,0,2,0
722,35,0,35,0,35,0,35,0,35,0
723,4,0,4,0,4,0,4,0,4,0
724,3,0,3,0,3,0,3,0,3,0
725,19,0,19,0,19,0,19,0,19,0
726,23,0,23,0,23,0,23,0,23,0
727,1,0,1,0,1,0,1,0,1,0
728,53,0,53,0,53,0,53,0,53,0
729,30,0,30,0,30,0,30,0,30,0
730,32,0,32,0,32,0,32,0,32,0
731,4,0,4,0,4,0,4,0,4,0
732,87,0,87,0,87,0,87,0,87,0
733,2,0,2,0,2,0,2,0,2,0
734,27,0,27,0,27,0,27,0,27,0
735,3,0,3,0,3,0,3,0,3,0
736,1,0,1,0,1,0,1,0,1,0
737,2,0,2,0,2,0,2,0,2,0
738,0,0,0,0,0,0,0,0,0,0
739,3,0,3,0,3,0,3,0,3,0
740,52,0,52,0,52,0,52,0,52,0
741,2,0,2,0,2,0,2,0,2,0
742,10,0,10,0,10,0,10,0,10,0
743,1,0,1,0,1,0,1,0,1,0
744,0,0,0,0,0,0,0,0,0,0
745,4,0,4,0,4,0,4,0,4,0
746,34,0,34,0,34,0,34,0,34,0
747,5,0,5,0,5,0,5,0,5,0
748,50,0,50,0,50,0,50,0,50,0
749,10,0,10,0,10,0,10,0,10,0
750,1,0,1,0,1,0,1,0,1,0
751,0,0,0,0,0,0,0,0,0,0
752,0,0,0,0,0,0,0,0,0,0
753,7,0,7,0,7,0,7,0,7,0
754,1,0,1,0,1,0,1,0,1,0
755,10,0,10,0,10,0,10,0,10,0
756,1,0,1,0,1,0,1,0,1,0
757,37,0,37,0,37,0,37,0,37,0
758,2,0,2,0,2,0,2,0,2,0
759,5,0,5,0,5,0,5,0,5,0
760,12,0,12,0,12,0,12,0,12,0
761,15,0,15,0,15,0,15,0,15,0
762,46,0,46,0,46,0,46,0,46,0
763,1,0,1,0,1,0,1,0,1,0
764,3,0,3,0,3,0,3,0,3,0
765,15,0,15,0,15,0,15,0,15,0
766,85,0,85,0,85,0,85,0,85,0
767,3,0,3,0,3,0,3,0,3,0
768,3,0,3,0,3,0,3,0,3,0
769,15,0,15,0,15,0,15,0,15,0
770,3,0,3,0,3,0,3,0,3,0
771,5,0,5,0,5,0,5,0,5,0
772,1,0,1,0,1,0,1,0,1,0
773,3,0,3,0,3,0,3,0,3,0
774,3,0,3,0,3,0,3,0,3,0
775,16,0,16,0,16,0,16,0,16,0
776,1,0,1,0,1,0,1,0,1,0
777,3,0,3,0,3,0,3,0,3,0
778,5,0,5,0,5,0,5,0,5,0
779,3,0,3,0,3,0,3,0,3,0
780,0,0,0,0,0,0,0,0,0,0
781,1,0,1,0,1,0,1,0,1,0
782,0,0,0,0,0,0,0,0,0,0
783,1,0,1,0,1,0,1,0,1,0
784,3,0,3,0,3,0,3,0,3,0
785,2,0,2,0,2,0,2,0,2,0
786,16,0,16,0,16,0,16,0,16,0
787,20,0,20,0,20,0,20,0,20,0
788,4,0,4,0,4,0,4,0,4,0
789,3,0,3,0,3,0,3,0,3,0
790,2,0,2,0,2,0,2,0,2,0
791,54,0,54,0,54,0,54,0,54,0
792,0,0,0,0,0,0,0,0,0,0
793,0,0,0,0,0,0,0,0,0,0
794,3,0,3,0,3,0,3,0,3,0
795,3,0,3,0,3,0,3,0,3,0
796,47,0,47,0,47,0,47,0,47,0
797,3,0,3,0,3,0,3,0,3,0
798,100,6,100,6,100,6,100,6,100,6
799,2,0,2,0,2,0,2,0,2,0
800,3,0,3,0,3,0,3,0,3,0
801,52,0,52,0,52,0,52,0,52,0
802,3,0,3,0,3,0,3,0,3,0
803,33,0,33,0,33,0,33,0,33,0
804,2,0,2,0,2,0,2,0,2,0
805,77,0,77,0,77,0,77,0,77,0
806,13,0,13,0,13,0,13,0,13,0
807,0,0,0,0,0,0,0,0,0,0
808,5,0,5,0,5,0,5,0,5,0
809,28,0,28,0,28,0,28,0,28,0
810,4,0,4,0,4,0,4,0,4,0
811,46,0,46,0,46,0,46,0,46,0
812,32,0,32,0,32,0,32,0,32,0
813,2,0,2,0,2,0,2,0,2,0
814,3,0,3,0,3,0,3,0,3,0
815,2,0,2,0,2,0,2,0,2,0
816,1,0,1,0,1,0,1,0,1,0
817,3,0,3,0,3,0,3,0,3,0
818,0,0,0,0,0,0,0,0,0,0
819,0,0,0,0,0,0,0,0,0,0
820,3,0,3,0,3,0,3,0,3,0
821,5,0,5,0,5,0,5,0,5,0
822,1,0,1,0,1,0,1,0,1,0
823,2,0,2,0,2,0,2,0,2,0
824,15,0,15,0,15,0,15,0,15,0
825,11,0,11,0,11,0,11,0,11,0
826,1,0,1,0,1,0,1,0,1,0
827,53,0,53,0,53,0,53,0,53,0
828,3,0,3,0,3,0,3,0,3,0
829,1,0,1,0,1,0,1,0,1,0
830,14,0,14,0,14,0,14,0,14,0
831,2,0,2,0,2,0,2,0,2,0
832,12,0,12,0,12,0,12,0,12,0
833,10,0,10,0,10,0,10,0,10,0
834,18,0,18,0,18,0,18,0,18,0
835,11,0,11,0,11,0,11,0,11,0
836,0,0,0,0,0,0,0,0,0,0
837,3,0,3,0,3,0,3,0,3,0
838,3,0,3,0,3,0,3,0,3,0
839,3,0,3,0,3,0,3,0,3,0
840,30,0,30,0,30,0,30,0,30,0
841,3,0,3,0,3,0,3,0,3,0
842,2,0,2,0,2,0,2,0,2,0
843,2,0,2,0,2,0,2,0,2,0
844,2,2,2,2,2,2,2,2,2,2
845,1,3,1,3,1,3,1,3,1,3
846,62,0,62,0,62,0,62,0,62,0
847,3,0,3,0,3,0,3,0,3,0
848,4,0,4,0,4,0,4,0,4,0
849,1,0,1,0,1,0,1,0,1,0
850,4,0,4,0,4,0,4,0,4,0
851,5,0,5,0,5,0,5,0,5,0
852,24,0,24,0,24,0,24,0,24,0
853,59,0,59,0,59,0,59,0,59,0
854,6,0,6,0,6,0,6,0,6,0
855,2,0,2,0,2,0,2,0,2,0
856,1,0,1,0,1,0,1,0,1,0
857,4,0,4,0,4,0,4,0,4,0
858,23,0,23,0,23,0,23,0,23,0
859,1,0,1,0,1,0,1,0,1,0
860,2,1,2,1,2,1,2,1,2,1
861,4,0,4,0,4,0,4,0,4,0
862,0,0,0,0,0,0,0,0,0,0
863,9,17,9,17,9,17,9,17,9,17
864,0,0,0,0,0,0,0,0,0,0
865,47,0,47,0,47,0,47,0,47,0
866,2,0,2,0,2,0,2,0,2,0
867,0,0,0,0,0,0,0,0,0,0
868,3,0,3,0,3,0,3,0,3,0
869,2,0,2,0,2,0,2,0,2,0
870,42,0,42,0,42,0,42,0,42,0
871,1,0,1,0,1,0,1,0,1,0
872,51,0,51,0,51,0,51,0,51,0
873,2,0,2,0,2,0,2,0,2,0
874,33,0,33,0,33,0,33,0,33,0
875,3,0,3,0,3,0,3,0,3,0
876,0,0,0,0,0,0,0,0,0,0
877,2,2,2,2,2,2,2,2,2,2
878,1,0,1,0,1,0,1,0,1,0
879,2,0,2,0,2,0,2,0,2,0
880,1,0,1,0,1,0,1,0,1,0
881,2,0,2,0,2,0,2,0,2,0
882,9,0,9,0,9,0,9,0,9,0
883,14,0,14,0,14,0,14,0,14,0
884,2,0,2,0,2,0,2,0,2,0
885,2,0,2,0,2,0,2,0,2,0
886,18,0,18,0,18,0,18,0,18,0
887,6,0,6,0,6,0,6,0,6,0
888,46,0,46,0,46,0,46,0,46,0
889,3,0,3,0,3,0,3,0,3,0
890,2,0,2,0,2,0,2,0,2,0
891,2,0,2,0,2,0,2,0,2,0
892,2,0,2,0,2,0,2,0,2,0
893,0,0,0,0,0,0,0,0,0,0
894,1,0,1,0,1,0,1,0,1,0
895,5,0,5,0,5,0,5,0,5,0
896,1,0,1,0,1,0,1,0,1,0
897,49,0,49,0,49,0,49,0,49,0
898,2,0,2,0,2,0,2,0,2,0
899,18,0,18,0,18,0,18,0,18,0
900,46,0,46,0,46,0,46,0,46,0
901,3,0,3,0,3,0,3,0,3,0
902,13,0,13,0,13,0,13,0,13,0
903,11,0,11,0,11,0,11,0,11,0
904,13,0,13,0,13,0,13,0,13,0
905,68,0,68,0,68,0,68,0,68,0
906,0,0,0,0,0,0,0,0,0,0
907,5,0,5,0,5,0,5,0,5,0
908,4,0,4,0,4,0,4,0,4,0
909,3,0,3,0,3,0,3,0,3,0
910,1,0,1,0,1,0,1,0,1,0
911,2,0,2,0,2,0,2,0,2,0
912,6,0,6,0,6,0,6,0,6,0
913,5,0,5,0,5,0,5,0,5,0
914,2,0,2,0,2,0,2,0,2,0
915,6,0,6,0,6,0,6,0,6,0
916,5,0,5,0,5,0,5,0,5,0
917,15,0,15,0,15,0,15,0,15,0
918,2,0,2,0,2,0,2,0,2,0
919,2,0,2,0,2,0,2,0,2,0
920,4,0,4,0,4,0,4,0,4,0
921,3,0,3,0,3,0,3,0,3,0
922,8,0,8,0,8,0,8,0,8,0
923,3,0,3,0,3,0,3,0,3,0
924,2,0,2,0,2,0,2,0,2,0
925,36,58,36,58,36,58,36,58,36,58
926,2,0,2,0,2,0,2,0,2,0
927,4,0,4,0,4,0,4,0,4,0
928,3,0,3,0,3,0,3,0,3,0
929,0,0,0,0,0,0,0,0,0,0
930,13,0,13,0,13,0,13,0,13,0
931,20,0,20,0,20,0,20,0,20,0
932,3,0,3,0,3,0,3,0,3,0
933,0,0,0,0,0,0,0,0,0,0
934,3,5,3,5,3,5,3,5,3,5
935,3,0,3,0,3,0,3,0,3,0
936,9,0,9,0,9,0,9,0,9,0
937,2,0,2,0,2,0,2,0,2,0
938,0,0,0,0,0,0,0,0,0,0
939,1,0,1,0,1,0,1,0,1,0
940,44,0,44,0,44,0,44,0,44,0
941,1,0,1,0,1,0,1,0,1,0
942,72,0,72,0,72,0,72,0,72,0
943,60,0,60,0,60,0,60,0,60,0
944,54,0,54,0,54,0,54,0,54,0
945,0,0,0,0,0,0,0,0,0,0
946,5,0,5,0,5,0,5,0,5,0
947,0,0,0,0,0,0,0,0,0,0
948,50,0,50,0,50,0,50,0,50,0
949,1,0,1,0,1,0,1,0,1,0
950,27,0,27,0,27,0,27,0,27,0
951,2,0,2,0,2,0,2,0,2,0
952,2,0,2,0,2,0,2,0,2,0
953,2,1,2,1,2,1,2,1,2,1
954,56,0,56,0,56,0,56,0,56,0
955,54,0,54,0,54,0,54,0,54,0
956,39,0,39,0,39,0,39,0,39,0
957,2,0,2,0,2,0,2,0,2,0
958,2,0,2,0,2,0,2,0,2,0
959,2,0,2,0,2,0,2,0,2,0
960,8,0,8,0,8,0,8,0,8,0
961,2,0,2,0,2,0,2,0,2,0
962,2,9,2,9,2,9,2,9,2,9
963,3,0,3,0,3,0,3,0,3,0
964,2,0,2,0,2,0,2,0,2,0
965,2,0,2,0,2,0,2,0,2,0
966,2,0,2,0,2,0,2,0,2,0
967,31,0,31,0,31,0,31,0,31,0
968,2,0,2,0,2,0,2,0,2,0
969,10,8,10,8,10,8,10,8,10,8
970,0,0,0,0,0,0,0,0,0,0
971,14,0,14,0,14,0,14,0,14,0
972,40,0,40,0,40,0,40,0,40,0
973,2,0,2,0,2,0,2,0,2,0
974,2,0,2,0,2,0,2,0,2,0
975,1,0,1,0,1,0,1,0,1,0
976,2,0,2,0,2,0,2,0,2,0
977,3,199,3,199,3,199,3,199,3,199
978,2,0,2,0,2,0,2,0,2,0
979,2,0,2,0,2,0,2,0,2,0
980,5,0,5,0,5,0,5,0,5,0
981,25,0,25,0,25,0,25,0,25,0
982,2,0,2,0,2,0,2,0,2,0
983,4,0,4,0,4,0,4,0,4,0
984,2,0,2,0,2,0,2,0,2,0
985,23,0,23,0,23,0,23,0,23,0
986,3,0,3,0,3,0,3,0,3,0
987,0,0,0,0,0,0,0,0,0,0
988,5,0,5,0,5,0,5,0,5,0
989,2,0,2,0,2,0,2,0,2,0
990,80,0,80,0,80,0,80,0,80,0
991,6,0,6,0,6,0,6,0,6,0
992,0,0,0,0,0,0,0,0,0,0
993,14,0,14,0,14,0,14,0,14,0
994,2,0,2,0,2,0,2,0,2,0
995,50,0,50,0,50,0,50,0,50,0
996,0,0,0,0,0,0,0,0,0,0
997,0,0,0,0,0,0,0,0,0,0
998,2,0,2,0,2,0,2,0,2,0
999,17,0,17,0,17,0,17,0,17,0
1000,51,0,51,0,51,0,51,0,51,0
1001,2,0,2,0,2,0,2,0,2,0
1002,2,0,2,0,2,0,2,0,2,0
1003,3,0,3,0,3,0,3,0,3,0
1004,2,0,2,0,2,0,2,0,2,0
1005,4,0,4,0,4,0,4,0,4,0
1006,2,0,2,0,2,0,2,0,2,0
1007,2,0,2,0,2,0,2,0,2,0
1008,12,0,12,0,12,0,12,0,12,0
1009,67,0,67,0,67,0,67,0,67,0
1010,84,0,84,0,84,0,84,0,84,0
1011,0,0,0,0,0,0,0,0,0,0
1012,0,0,0,0,0,0,0,0,0,0
1013,0,0,0,0,0,0,0,0,0,0
1014,2,0,2,0,2,0,2,0,2,0
1015,10,0,10,0,10,0,10,0,10,0
1016,14,0,14,0,14,0,14,0,14,0
1017,39,0,39,0,39,0,39,0,39,0
1018,2,0,2,0,2,0,2,0,2,0
1019,46,0,46,0,46,0,46,0,46,0
1020,86,0,86,0,86,0,86,0,86,0
1021,2,0,2,0,2,0,2,0,2,0
1022,2,2,2,2,2,2,2,2,2,2
1023,0,0,0,0,0,0,0,0,0,0
1024,2,0,2,0,2,0,2,0,2,0
1025,98,0,98,0,98,0,98,0,98,0
1026,17,0,17,0,17,0,17,0,17,0
1027,1,0,1,0,1,0,1,0,1,0
1028,2,0,2,0,2,0,2,0,2,0
1029,1,0,1,0,1,0,1,0,1,0
1030,1,0,1,0,1,0,1,0,1,0
1031,80,0,80,0,80,0,80,0,80,0
1032,6,0,6,0,6,0,6,0,6,0
1033,2,0,2,0,2,0,2,0,2,0
1034,1,0,1,0,1,0,1,0,1,0
1035,1,0,1,0,1,0,1,0,1,0
1036,1,0,1,0,1,0,1,0,1,0
1037,4,0,4,0,4,0,4,0,4,0
1038,2,0,2,0,2,0,2,0,2,0
1039,5,0,5,0,5,0,5,0,5,0
1040,2,0,2,0,2,0,2,0,2,0
1041,52,0,52,0,52,0,52,0,52,0
1042,10,0,10,0,10,0,10,0,10,0
1043,79,0,79,0,79,0,79,0,79,0
1044,2,0,2,0,2,0,2,0,2,0
1045,11,0,11,0,11,0,11,0,11,0
1046,12,0,12,0,12,0,12,0,12,0
1047,2,0,2,0,2,0,2,0,2,0
1048,1,0,1,0,1,0,1,0,1,0
1049,0,0,0,0,0,0,0,0,0,0
1050,0,0,0,0,0,0,0,0,0,0
1051,3,0,3,0,3,0,3,0,3,0
1052,1,0,1,0,1,0,1,0,1,0
1053,4,0,4,0,4,0,4,0,4,0
1054,2,0,2,0,2,0,2,0,2,0
1055,23,0,23,0,23,0,23,0,23,0
1056,1,0,1,0,1,0,1,0,1,0
1057,2,0,2,0,2,0,2,0,2,0
1058,2,0,2,0,2,0,2,0,2,0
1059,0,0,0,0,0,0,0,0,0,0
1060,5,0,5,0,5,0,5,0,5,0
1061,2,0,2,0,2,0,2,0,2,0
1062,2,0,2,0,2,0,2,0,2,0
1063,8,0,8,0,8,0,8,0,8,0
1064,0,0,0,0,0,0,0,0,0,0
1065,39,0,39,0,39,0,39,0,39,0
1066,2,0,2,0,2,0,2,0,2,0
1067,5,0,5,0,5,0,5,0,5,0
1068,21,0,21,0,21,0,21,0,21,0
1069,6,0,6,0,6,0,6,0,6,0
1070,36,0,36,0,36,0,36,0,36,0
1071,8,0,8,0,8,0,8,0,8,0
1072,3,0,3,0,3,0,3,0,3,0
1073,2,0,2,0,2,0,2,0,2,0
1074,2,0,2,0,2,0,2,0,2,0
1075,1,0,1,0,1,0,1,0,1,0
1076,0,0,0,0,0,0,0,0,0,0
1077,3,0,3,0,3,0,3,0,3,0
1078,2,0,2,0,2,0,2,0,2,0
1079,28,0,28,0,28,0,28,0,28,0
1080,60,0,60,0,60,0,60,0,60,0
1081,27,0,27,0,27,0,27,0,27,0
1082,0,0,0,0,0,0,0,0,0,0
1083,0,0,0,0,0,0,0,0,0,0
1084,16,0,16,0,16,0,16,0,16,0
1085,2,0,2,0,2,0,2,0,2,0
1086,9,0,9,0,9,0,9,0,9,0
1087,3,0,3,0,3,0,3,0,3,0
1088,2,0,2,0,2,0,2,0,2,0
1089,1,0,1,0,1,0,1,0,1,0
1090,1,0,1,0,1,0,1,0,1,0
1091,2,0,2,0,2,0,2,0,2,0
1092,2,0,2,0,2,0,2,0,2,0
1093,2,0,2,0,2,0,2,0,2,0
1094,2,0,2,0,2,0,2,0,2,0
1095,4,0,4,0,4,0,4,0,4,0
1096,2,0,2,0,2,0,2,0,2,0
1097,2,0,2,0,2,0,2,0,2,0
1098,34,0,34,0,34,0,34,0,34,0
1099,0,0,0,0,0,0,0,0,0,0
1100,0,0,0,0,0,0,0,0,0,0
1101,50,0,50,0,50,0,50,0,50,0
1102,1,0,1,0,1,0,1,0,1,0
1103,80,0,80,0,80,0,80,0,80,0
1104,5,0,5,0,5,0,5,0,5,0
1105,75,0,75,0,75,0,75,0,75,0
1106,3,0,3,0,3,0,3,0,3,0
1107,4,0,4,0,4,0,4,0,4,0
1108,9,0,9,0,9,0,9,0,9,0
1109,1,0,1,0,1,0,1,0,1,0
1110,58,0,58,0,58,0,58,0,58,0
1111,2,0,2,0,2,0,2,0,2,0
1112,4,0,4,0,4,0,4,0,4,0
1113,4,2,4,2,4,2,4,2,4,2
1114,1,0,1,0,1,0,1,0,1,0
1115,49,0,49,0,49,0,49,0,49,0
1116,5,0,5,0,5,0,5,0,5,0
1117,1,0,1,0,1,0,1,0,1,0
1118,2,2,2,2,2,2,2,2,2,2
1119,1,0,1,0,1,0,1,0,1,0
1120,5,0,5,0,5,0,5,0,5,0
1121,0,0,0,0,0,0,0,0,0,0
1122,84,0,84,0,84,0,84,0,84,0
1123,6,0,6,0,6,0,6,0,6,0
1124,45,0,45,0,45,0,45,0,45,0
1125,26,0,26,0,26,0,26,0,26,0
1126,2,0,2,0,2,0,2,0,2,0
1127,3,0,3,0,3,0,3,0,3,0
1128,7,0,7,0,7,0,7,0,7,0
1129,59,0,59,0,59,0,59,0,59,0
1130,2,0,2,0,2,0,2,0,2,0
1131,51,0,51,0,51,0,51,0,51,0
1132,3,0,3,0,3,0,3,0,3,0
1133,3,0,3,0,3,0,3,0,3,0
1134,50,0,50,0,50,0,50,0,50,0
1135,5,0,5,0,5,0,5,0,5,0
1136,1,0,1,0,1,0,1,0,1,0
1137,71,0,71,0,71,0,71,0,71,0
1138,1,0,1,0,1,0,1,0,1,0
1139,49,0,49,0,49,0,49,0,49,0
1140,3,0,3,0,3,0,3,0,3,0
1141,2,0,2,0,2,0,2,0,2,0
1142,13,0,13,0,13,0,13,0,13,0
1143,2,0,2,0,2,0,2,0,2,0
1144,20,0,20,0,20,0,20,0,20,0
1145,4,0,4,0,4,0,4,0,4,0
1146,86,0,86,0,86,0,86,0,86,0
1147,11,0,11,0,11,0,11,0,11,0
1148,44,0,44,0,44,0,44,0,44,0
1149,10,0,10,0,10,0,10,0,10,0
1150,2,0,2,0,2,0,2,0,2,0
1151,2,0,2,0,2,0,2,0,2,0
1152,2,0,2,0,2,0,2,0,2,0
1153,2,0,2,0,2,0,2,0,2,0
1154,4,0,4,0,4,0,4,0,4,0
1155,50,0,50,0,50,0,50,0,50,0
1156,2,0,2,0,2,0,2,0,2,0
1157,4,0,4,0,4,0,4,0,4,0
1158,7,0,7,0,7,0,7,0,7,0
1159,3,0,3,0,3,0,3,0,3,0
1160,1,0,1,0,1,0,1,0,1,0
1161,35,0,35,0,35,0,35,0,35,0
1162,1,0,1,0,1,0,1,0,1,0
1163,3,0,3,0,3,0,3,0,3,0
1164,4,0,4,0,4,0,4,0,4,0
1165,6,0,6,0,6,0,6,0,6,0
1166,0,0,0,0,0,0,0,0,0,0
1167,2,0,2,0,2,0,2,0,2,0
1168,2,1,2,1,2,1,2,1,2,1
1169,84,0,84,0,84,0,84,0,84,0
1170,3,0,3,0,3,0,3,0,3,0
1171,34,0,34,0,34,0,34,0,34,0
1172,3,0,3,0,3,0,3,0,3,0
1173,3,3,3,3,3,3,3,3,3,3
1174,16,0,16,0,16,0,16,0,16,0
1175,2,0,2,0,2,0,2,0,2,0
1176,3,0,3,0,3,0,3,0,3,0
1177,1,0,1,0,1,0,1,0,1,0
1178,2,0,2,0,2,0,2,0,2,0
1179,36,0,36,0,36,0,36,0,36,0
1180,2,0,2,0,2,0,2,0,2,0
1181,100,200,100,200,100,200,100,200,100,200
1182,0,0,0,0,0,0,0,0,0,0
1183,2,0,2,0,2,0,2,0,2,0
1184,14,0,14,0,14,0,14,0,14,0
1185,1,0,1,0,1,0,1,0,1,0
1186,37,0,37,0,37,0,37,0,37,0
1187,22,0,22,0,22,0,22,0,22,0
1188,10,0,10,0,10,0,10,0,10,0
1189,3,0,3,0,3,0,3,0,3,0
1190,3,1,3,1,3,1,3,1,3,1
1191,4,0,4,0,4,0,4,0,4,0
1192,3,0,3,0,3,0,3,0,3,0
1193,1,0,1,0,1,0,1,0,1,0
1194,2,0,2,0,2,0,2,0,2,0
1195,0,0,0,0,0,0,0,0,0,0
1196,3,0,3,0,3,0,3,0,3,0
1197,5,0,5,0,5,0,5,0,5,0
1198,3,0,3,0,3,0,3,0,3,0
1199,66,0,66,0,66,0,66,0,66,0
1200,0,0,0,0,0,0,0,0,0,0
1201,3,0,3,0,3,0,3,0,3,0
1202,3,0,3,0,3,0,3,0,3,0
1203,1,0,1,0,1,0,1,0,1,0
1204,5,0,5,0,5,0,5,0,5,0
1205,0,0,0,0,0,0,0,0,0,0
1206,2,0,2,0,2,0,2,0,2,0
1207,0,0,0,0,0,0,0,0,0,0
1208,2,0,2,0,2,0,2,0,2,0
1209,10,0,10,0,10,0,10,0,10,0
1210,1,0,1,0,1,0,1,0,1,0
1211,3,0,3,0,3,0,3,0,3,0
1212,4,0,4,0,4,0,4,0,4,0
1213,4,0,4,0,4,0,4,0,4,0
1214,2,0,2,0,2,0,2,0,2,0
1215,2,0,2,0,2,0,2,0,2,0
1216,22,0,22,0,22,0,22,0,22,0
1217,5,0,5,0,5,0,5,0,5,0
1218,2,0,2,0,2,0,2,0,2,0
1219,2,0,2,0,2,0,2,0,2,0
1220,1,0,1,0,1,0,1,0,1,0
1221,0,0,0,0,0,0,0,0,0,0
1222,3,0,3,0,3,0,3,0,3,0
1223,1,0,1,0,1,0,1,0,1,0
1224,1,0,1,0,1,0,1,0,1,0
1225,33,0,33,0,33,0,33,0,33,0
1226,3,0,3,0,3,0,3,0,3,0
1227,2,0,2,0,2,0,2,0,2,0
1228,1,0,1,0,1,0,1,0,1,0
1229,14,0,14,0,14,0,14,0,14,0
1230,1,0,1,0,1,0,1,0,1,0
1231,8,0,8,0,8,0,8,0,8,0
1232,1,0,1,0,1,0,1,0,1,0
1233,1,0,1,0,1,0,1,0,1,0
1234,0,0,0,0,0,0,0,0,0,0
1235,46,0,46,0,46,0,46,0,46,0
1236,31,0,31,0,31,0,31,0,31,0
1237,2,0,2,0,2,0,2,0,2,0
1238,4,0,4,0,4,0,4,0,4,0
1239,8,0,8,0,8,0,8,0,8,0
1240,45,0,45,0,45,0,45,0,45,0
1241,8,0,8,0,8,0,8,0,8,0
1242,1,0,1,0,1,0,1,0,1,0
1243,76,0,76,0,76,0,76,0,76,0
1244,2,0,2,0,2,0,2,0,2,0
1245,0,0,0,0,0,0,0,0,0,0
1246,40,0,40,0,40,0,40,0,40,0
1247,3,0,3,0,3,0,3,0,3,0
1248,12,0,12,0,12,0,12,0,12,0
1249,23,0,23,0,23,0,23,0,23,0
1250,0,0,0,0,0,0,0,0,0,0
1251,1,0,1,0,1,0,1,0,1,0
1252,10,0,10,0,10,0,10,0,10,0
1253,4,0,4,0,4,0,4,0,4,0
1254,2,0,2,0,2,0,2,0,2,0
1255,4,0,4,0,4,0,4,0,4,0
1256,16,9,16,9,16,9,16,9,16,9
1257,2,0,2,0,2,0,2,0,2,0
1258,32,0,32,0,32,0,32,0,32,0
1259,13,0,13,0,13,0,13,0,13,0
1260,1,0,1,0,1,0,1,0,1,0
1261,11,0,11,0,11,0,11,0,11,0
1262,0,0,0,0,0,0,0,0,0,0
1263,1,0,1,0,1,0,1,0,1,0
1264,2,0,2,0,2,0,2,0,2,0
1265,2,0,2,0,2,0,2,0,2,0
1266,2,0,2,0,2,0,2,0,2,0
1267,9,0,9,0,9,0,9,0,9,0
1268,1,0,1,0,1,0,1,0,1,0
1269,3,0,3,0,3,0,3,0,3,0
1270,3,0,3,0,3,0,3,0,3,0
1271,20,0,20,0,20,0,20,0,20,0
1272,38,0,38,0,38,0,38,0,38,0
1273,2,0,2,0,2,0,2,0,2,0
1274,2,3,2,3,2,3,2,3,2,3
1275,15,0,15,0,15,0,15,0,15,0
1276,4,0,4,0,4,0,4,0,4,0
1277,0,0,0,0,0,0,0,0,0,0
1278,31,0,31,0,31,0,31,0,31,0
1279,14,0,14,0,14,0,14,0,14,0
1280,2,0,2,0,2,0,2,0,2,0
1281,3,0,3,0,3,0,3,0,3,0
1282,0,0,0,0,0,0,0,0,0,0
1283,2,0,2,0,2,0,2,0,2,0
1284,3,0,3,0,3,0,3,0,3,0
1285,2,1,2,1,2,1,2,1,2,1
1286,2,0,2,0,2,0,2,0,2,0
1287,4,0,4,0,4,0,4,0,4,0
1288,3,0,3,0,3,0,3,0,3,0
1289,14,0,14,0,14,0,14,0,14,0
1290,1,0,1,0,1,0,1,0,1,0
1291,17,0,17,0,17,0,17,0,17,0
1292,0,0,0,0,0,0,0,0,0,0
1293,23,0,23,0,23,0,23,0,23,0
1294,2,0,2,0,2,0,2,0,2,0
1295,3,0,3,0,3,0,3,0,3,0
1296,15,0,15,0,15,0,15,0,15,0
1297,0,0,0,0,0,0,0,0,0,0
1298,1,0,1,0,1,0,1,0,1,0
1299,0,6,0,6,0,6,0,6,0,6
1300,11,0,11,0,11,0,11,0,11,0
1301,0,0,0,0,0,0,0,0,0,0
1302,2,0,2,0,2,0,2,0,2,0
1303,11,0,11,0,11,0,11,0,11,0
1304,21,0,21,0,21,0,21,0,21,0
1305,3,0,3,0,3,0,3,0,3,0
1306,9,0,9,0,9,0,9,0,9,0
1307,2,0,2,0,2,0,2,0,2,0
1308,14,200,14,200,14,200,14,200,14,200
1309,1,0,1,0,1,0,1,0,1,0
1310,3,0,3,0,3,0,3,0,3,0
1311,11,0,11,0,11,0,11,0,11,0
1312,8,0,8,0,8,0,8,0,8,0
1313,2,0,2,0,2,0,2,0,2,0
1314,52,0,52,0,52,0,52,0,52,0
1315,4,0,4,0,4,0,4,0,4,0
1316,15,0,15,0,15,0,15,0,15,0
1317,5,0,5,0,5,0,5,0,5,0
1318,2,0,2,0,2,0,2,0,2,0
1319,4,0,4,0,4,0,4,0,4,0
1320,36,0,36,0,36,0,36,0,36,0
1321,0,0,0,0,0,0,0,0,0,0
1322,0,0,0,0,0,0,0,0,0,0
1323,3,0,3,0,3,0,3,0,3,0
1324,3,0,3,0,3,0,3,0,3,0
1325,2,0,2,0,2,0,2,0,2,0
1326,0,0,0,0,0,0,0,0,0,0
1327,3,0,3,0,3,0,3,0,3,0
1328,1,0,1,0,1,0,1,0,1,0
1329,5,0,5,0,5,0,5,0,5,0
1330,1,0,1,0,1,0,1,0,1,0
1331,4,0,4,0,4,0,4,0,4,0
1332,54,0,54,0,54,0,54,0,54,0
1333,2,0,2,0,2,0,2,0,2,0
1334,2,0,2,0,2,0,2,0,2,0
1335,15,0,15,0,15,0,15,0,15,0
1336,0,0,0,0,0,0,0,0,0,0
1337,2,0,2,0,2,0,2,0,2,0
1338,3,0,3,0,3,0,3,0,3,0
1339,1,0,1,0,1,0,1,0,1,0
1340,1,0,1,0,1,0,1,0,1,0
1341,10,0,10,0,10,0,10,0,10,0
1342,2,0,2,0,2,0,2,0,2,0
1343,0,0,0,0,0,0,0,0,0,0
1344,50,0,50,0,50,0,50,0,50,0
1345,0,0,0,0,0,0,0,0,0,0
1346,3,0,3,0,3,0,3,0,3,0
1347,2,0,2,0,2,0,2,0,2,0
1348,97,0,97,0,97,0,97,0,97,0
1349,7,0,7,0,7,0,7,0,7,0
1350,2,92,2,92,2,92,2,92,2,92
1351,36,0,36,0,36,0,36,0,36,0
1352,17,0,17,0,17,0,17,0,17,0
1353,1,0,1,0,1,0,1,0,1,0
1354,12,0,12,0,12,0,12,0,12,0
1355,2,0,2,0,2,0,2,0,2,0
1356,0,0,0,0,0,0,0,0,0,0
1357,0,0,0,0,0,0,0,0,0,0
1358,67,0,67,0,67,0,67,0,67,0
1359,3,0,3,0,3,0,3,0,3,0
1360,32,0,32,0,32,0,32,0,32,0
1361,16,0,16,0,16,0,16,0,16,0
1362,14,0,14,0,14,0,14,0,14,0
1363,7,0,7,0,7,0,7,0,7,0
1364,2,0,2,0,2,0,2,0,2,0
1365,20,0,20,0,20,0,20,0,20,0
1366,3,0,3,0,3,0,3,0,3,0
1367,2,0,2,0,2,0,2,0,2,0
1368,55,0,55,0,55,0,55,0,55,0
1369,9,0,9,0,9,0,9,0,9,0
1370,2,0,2,0,2,0,2,0,2,0
1371,2,0,2,0,2,0,2,0,2,0
1372,0,0,0,0,0,0,0,0,0,0
1373,3,0,3,0,3,0,3,0,3,0
1374,17,0,17,0,17,0,17,0,17,0
1375,40,0,40,0,40,0,40,0,40,0
1376,60,0,60,0,60,0,60,0,60,0
1377,2,0,2,0,2,0,2,0,2,0
1378,1,0,1,0,1,0,1,0,1,0
1379,18,0,18,0,18,0,18,0,18,0
1380,2,0,2,0,2,0,2,0,2,0
1381,24,0,24,0,24,0,24,0,24,0
1382,1,0,1,0,1,0,1,0,1,0
1383,1,0,1,0,1,0,1,0,1,0
1384,2,0,2,0,2,0,2,0,2,0
1385,4,0,4,0,4,0,4,0,4,0
1386,12,0,12,0,12,0,12,0,12,0
1387,3,0,3,0,3,0,3,0,3,0
1388,6,0,6,0,6,0,6,0,6,0
1389,29,0,29,0,29,0,29,0,29,0
1390,56,0,56,0,56,0,56,0,56,0
1391,2,0,2,0,2,0,2,0,2,0
1392,2,0,2,0,2,0,2,0,2,0
1393,17,0,17,0,17,0,17,0,17,0
1394,8,0,8,0,8,0,8,0,8,0
1395,79,0,79,0,79,0,79,0,79,0
1396,1,0,1,0,1,0,1,0,1,0
1397,3,0,3,0,3,0,3,0,3,0
1398,2,0,2,0,2,0,2,0,2,0
1399,59,0,59,0,59,0,59,0,59,0
1400,4,0,4,0,4,0,4,0,4,0
1401,2,0,2,0,2,0,2,0,2,0
1402,3,0,3,0,3,0,3,0,3,0
1403,38,50,38,50,38,50,38,50,38,50
1404,2,0,2,0,2,0,2,0,2,0
1405,0,0,0,0,0,0,0,0,0,0
1406,6,0,6,0,6,0,6,0,6,0
1407,7,0,7,0,7,0,7,0,7,0
1408,6,0,6,0,6,0,6,0,6,0
1409,9,0,9,0,9,0,9,0,9,0
1410,7,0,7,0,7,0,7,0,7,0
1411,61,0,61,0,61,0,61,0,61,0
1412,54,0,54,0,54,0,54,0,54,0
1413,3,0,3,0,3,0,3,0,3,0
1414,1,0,1,0,1,0,1,0,1,0
1415,70,0,70,0,70,0,70,0,70,0
1416,3,0,3,0,3,0,3,0,3,0
1417,47,0,47,0,47,0,47,0,47,0
1418,20,0,20,0,20,0,20,0,20,0
1419,2,0,2,0,2,0,2,0,2,0
1420,2,0,2,0,2,0,2,0,2,0
1421,1,0,1,0,1,0,1,0,1,0
1422,3,0,3,0,3,0,3,0,3,0
1423,4,0,4,0,4,0,4,0,4,0
1424,2,0,2,0,2,0,2,0,2,0
1425,3,0,3,0,3,0,3,0,3,0
1426,11,0,11,0,11,0,11,0,11,0
1427,2,0,2,0,2,0,2,0,2,0
1428,2,0,2,0,2,0,2,0,2,0
1429,1,0,1,0,1,0,1,0,1,0
1430,3,0,3,0,3,0,3,0,3,0
1431,16,0,16,0,16,0,16,0,16,0
1432,22,0,22,0,22,0,22,0,22,0
1433,2,0,2,0,2,0,2,0,2,0
1434,55,0,55,0,55,0,55,0,55,0
1435,5,0,5,0,5,0,5,0,5,0
1436,50,0,50,0,50,0,50,0,50,0
1437,16,0,16,0,16,0,16,0,16,0
1438,3,0,3,0,3,0,3,0,3,0
1439,4,0,4,0,4,0,4,0,4,0
1440,1,0,1,0,1,0,1,0,1,0
1441,4,0,4,0,4,0,4,0,4,0
1442,3,0,3,0,3,0,3,0,3,0
1443,10,0,10,0,10,0,10,0,10,0
1444,4,0,4,0,4,0,4,0,4,0
1445,2,0,2,0,2,0,2,0,2,0
1446,3,0,3,0,3,0,3,0,3,0
1447,3,0,3,0,3,0,3,0,3,0
1448,0,0,0,0,0,0,0,0,0,0
1449,2,0,2,0,2,0,2,0,2,0
1450,0,1,0,1,0,1,0,1,0,1
1451,1,2,1,2,1,2,1,2,1,2
1452,6,0,6,0,6,0,6,0,6,0
1453,2,0,2,0,2,0,2,0,2,0
1454,1,0,1,0,1,0,1,0,1,0
1455,2,0,2,0,2,0,2,0,2,0
1456,2,0,2,0,2,0,2,0,2,0
1457,3,0,3,0,3,0,3,0,3,0
1458,10,0,10,0,10,0,10,0,10,0
1459,35,0,35,0,35,0,35,0,35,0
1460,2,0,2,0,2,0,2,0,2,0
1461,3,0,3,0,3,0,3,0,3,0
1462,71,0,71,0,71,0,71,0,71,0
1463,3,0,3,0,3,0,3,0,3,0
1464,1,0,1,0,1,0,1,0,1,0
1465,0,0,0,0,0,0,0,0,0,0
1466,7,0,7,0,7,0,7,0,7,0
1467,11,0,11,0,11,0,11,0,11,0
1468,7,0,7,0,7,0,7,0,7,0
1469,3,0,3,0,3,0,3,0,3,0
1470,2,1,2,1,2,1,2,1,2,1
1471,17,0,17,0,17,0,17,0,17,0
1472,5,0,5,0,5,0,5,0,5,0
1473,1,0,1,0,1,0,1,0,1,0
1474,10,0,10,0,10,0,10,0,10,0
1475,2,0,2,0,2,0,2,0,2,0
1476,60,0,60,0,60,0,60,0,60,0
1477,5,0,5,0,5,0,5,0,5,0
1478,3,0,3,0,3,0,3,0,3,0
1479,2,0,2,0,2,0,2,0,2,0
1480,2,2,2,2,2,2,2,2,2,2
1481,0,0,0,0,0,0,0,0,0,0
1482,2,0,2,0,2,0,2,0,2,0
1483,0,0,0,0,0,0,0,0,0,0
1484,1,0,1,0,1,0,1,0,1,0
1485,4,0,4,0,4,0,4,0,4,0
1486,2,0,2,0,2,0,2,0,2,0
1487,1,0,1,0,1,0,1,0,1,0
1488,4,0,4,0,4,0,4,0,4,0
1489,15,0,15,0,15,0,15,0,15,0
1490,2,0,2,0,2,0,2,0,2,0
1491,2,0,2,0,2,0,2,0,2,0
1492,10,0,10,0,10,0,10,0,10,0
1493,2,2,2,2,2,2,2,2,2,2
1494,2,0,2,0,2,0,2,0,2,0
1495,5,0,5,0,5,0,5,0,5,0
1496,59,0,59,0,59,0,59,0,59,0
1497,2,0,2,0,2,0,2,0,2,0
1498,1,0,1,0,1,0,1,0,1,0
1499,1,0,1,0,1,0,1,0,1,0
1500,2,0,2,0,2,0,2,0,2,0
1501,2,0,2,0,2,0,2,0,2,0
1502,20,0,20,0,20,0,20,0,20,0
1503,11,0,11,0,11,0,11,0,11,0
1504,21,0,21,0,21,0,21,0,21,0
1505,9,0,9,0,9,0,9,0,9,0
1506,6,0,6,0,6,0,6,0,6,0
1507,2,0,2,0,2,0,2,0,2,0
1508,1,0,1,0,1,0,1,0,1,0
1509,2,0,2,0,2,0,2,0,2,0
1510,10,0,10,0,10,0,10,0,10,0
1511,12,199,12,199,12,199,12,199,12,199
1512,36,0,36,0,36,0,36,0,36,0
1513,2,0,2,0,2,0,2,0,2,0
1514,5,0,5,0,5,0,5,0,5,0
1515,2,0,2,0,2,0,2,0,2,0
1516,4,0,4,0,4,0,4,0,4,0
1517,1,0,1,0,1,0,1,0,1,0
1518,15,0,15,0,15,0,15,0,15,0
1519,33,0,33,0,33,0,33,0,33,0
1520,31,0,31,0,31,0,31,0,31,0
1521,10,0,10,0,10,0,10,0,10,0
1522,2,0,2,0,2,0,2,0,2,0
1523,8,0,8,0,8,0,8,0,8,0
1524,0,0,0,0,0,0,0,0,0,0
1525,3,0,3,0,3,0,3,0,3,0
1526,1,0,1,0,1,0,1,0,1,0
1527,5,0,5,0,5,0,5,0,5,0
1528,37,0,37,0,37,0,37,0,37,0
1529,3,0,3,0,3,0,3,0,3,0
1530,1,0,1,0,1,0,1,0,1,0
1531,2,0,2,0,2,0,2,0,2,0
1532,0,0,0,0,0,0,0,0,0,0
1533,51,0,51,0,51,0,51,0,51,0
1534,8,0,8,0,8,0,8,0,8,0
1535,68,0,68,0,68,0,68,0,68,0
1536,55,0,55,0,55,0,55,0,55,0
1537,30,0,30,0,30,0,30,0,30,0
1538,3,0,3,0,3,0,3,0,3,0
1539,18,0,18,0,18,0,18,0,18,0
1540,2,0,2,0,2,0,2,0,2,0
1541,33,0,33,0,33,0,33,0,33,0
1542,17,0,17,0,17,0,17,0,17,0
1543,32,0,32,0,32,0,32,0,32,0
1544,1,0,1,0,1,0,1,0,1,0
1545,8,0,8,0,8,0,8,0,8,0
1546,1,0,1,0,1,0,1,0,1,0
1547,5,0,5,0,5,0,5,0,5,0
1548,1,0,1,0,1,0,1,0,1,0
1549,0,0,0,0,0,0,0,0,0,0
1550,2,0,2,0,2,0,2,0,2,0
1551,1,0,1,0,1,0,1,0,1,0
1552,11,0,11,0,11,0,11,0,11,0
1553,3,0,3,0,3,0,3,0,3,0
1554,100,69,100,69,100,69,100,69,100,69
1555,2,0,2,0,2,0,2,0,2,0
1556,2,0,2,0,2,0,2,0,2,0
1557,2,0,2,0,2,0,2,0,2,0
1558,47,0,47,0,47,0,47,0,47,0
1559,3,0,3,0,3,0,3,0,3,0
1560,2,0,2,0,2,0,2,0,2,0
1561,9,0,9,0,9,0,9,0,9,0
1562,3,0,3,0,3,0,3,0,3,0
1563,2,0,2,0,2,0,2,0,2,0
1564,3,0,3,0,3,0,3,0,3,0
1565,3,0,3,0,3,0,3,0,3,0
1566,1,0,1,0,1,0,1,0,1,0
1567,22,0,22,0,22,0,22,0,22,0
1568,2,0,2,0,2,0,2,0,2,0
1569,3,0,3,0,3,0,3,0,3,0
1570,0,0,0,0,0,0,0,0,0,0
1571,17,0,17,0,17,0,17,0,17,0
1572,2,0,2,0,2,0,2,0,2,0
1573,64,0,64,0,64,0,64,0,64,0
1574,28,0,28,0,28,0,28,0,28,0
1575,4,0,4,0,4,0,4,0,4,0
1576,21,0,21,0,21,0,21,0,21,0
1577,3,0,3,0,3,0,3,0,3,0
1578,7,0,7,0,7,0,7,0,7,0
1579,5,0,5,0,5,0,5,0,5,0
1580,3,0,3,0,3,0,3,0,3,0
1581,19,0,19,0,19,0,19,0,19,0
1582,2,0,2,0,2,0,2,0,2,0
1583,3,0,3,0,3,0,3,0,3,0
1584,6,0,6,0,6,0,6,0,6,0
1585,2,0,2,0,2,0,2,0,2,0
1586,2,0,2,0,2,0,2,0,2,0
1587,8,0,8,0,8,0,8,0,8,0
1588,1,0,1,0,1,0,1,0,1,0
1589,0,0,0,0,0,0,0,0,0,0
1590,2,0,2,0,2,0,2,0,2,0
1591,3,0,3,0,3,0,3,0,3,0
1592,41,0,41,0,41,0,41,0,41,0
1593,0,0,0,0,0,0,0,0,0,0
1594,1,0,1,0,1,0,1,0,1,0
1595,53,0,53,0,53,0,53,0,53,0
1596,14,0,14,0,14,0,14,0,14,0
1597,4,0,4,0,4,0,4,0,4,0
1598,0,0,0,0,0,0,0,0,0,0
1599,8,0,8,0,8,0,8,0,8,0
1600,22,0,22,0,22,0,22,0,22,0
1601,11,0,11,0,11,0,11,0,11,0
1602,13,0,13,0,13,0,13,0,13,0
1603,10,0,10,0,10,0,10,0,10,0
1604,75,0,75,0,75,0,75,0,75,0
1605,1,0,1,0,1,0,1,0,1,0
1606,2,0,2,0,2,0,2,0,2,0
1607,13,0,13,0,13,0,13,0,13,0
1608,3,0,3,0,3,0,3,0,3,0
1609,2,0,2,0,2,0,2,0,2,0
1610,19,0,19,0,19,0,19,0,19,0
1611,3,2,3,2,3,2,3,2,3,2
1612,3,0,3,0,3,0,3,0,3,0
1613,34,0,34,0,34,0,34,0,34,0
1614,0,0,0,0,0,0,0,0,0,0
1615,68,0,68,0,68,0,68,0,68,0
1616,5,0,5,0,5,0,5,0,5,0
1617,4,0,4,0,4,0,4,0,4,0
1618,90,0,90,0,90,0,90,0,90,0
1619,3,0,3,0,3,0,3,0,3,0
1620,3,0,3,0,3,0,3,0,3,0
1621,50,0,50,0,50,0,50,0,50,0
1622,1,0,1,0,1,0,1,0,1,0
1623,2,0,2,0,2,0,2,0,2,0
1624,1,0,1,0,1,0,1,0,1,0
1625,2,0,2,0,2,0,2,0,2,0
1626,10,0,10,0,10,0,10,0,10,0
1627,48,0,48,0,48,0,48,0,48,0
1628,0,0,0,0,0,0,0,0,0,0
1629,1,0,1,0,1,0,1,0,1,0
1630,2,0,2,0,2,0,2,0,2,0
1631,38,0,38,0,38,0,38,0,38,0
1632,4,0,4,0,4,0,4,0,4,0
1633,17,0,17,0,17,0,17,0,17,0
1634,0,1,0,1,0,1,0,1,0,1
1635,0,0,0,0,0,0,0,0,0,0
1636,2,0,2,0,2,0,2,0,2,0
1637,8,0,8,0,8,0,8,0,8,0
1638,64,0,64,0,64,0,64,0,64,0
1639,12,0,12,0,12,0,12,0,12,0
1640,32,0,32,0,32,0,32,0,32,0
1641,9,0,9,0,9,0,9,0,9,0
1642,6,0,6,0,6,0,6,0,6,0
1643,3,0,3,0,3,0,3,0,3,0
1644,2,0,2,0,2,0,2,0,2,0
1645,24,0,24,0,24,0,24,0,24,0
1646,48,0,48,0,48,0,48,0,48,0
1647,0,0,0,0,0,0,0,0,0,0
1648,0,0,0,0,0,0,0,0,0,0
1649,7,0,7,0,7,0,7,0,7,0
1650,13,0,13,0,13,0,13,0,13,0
1651,1,0,1,0,1,0,1,0,1,0
1652,2,0,2,0,2,0,2,0,2,0
1653,18,0,18,0,18,0,18,0,18,0
1654,9,0,9,0,9,0,9,0,9,0
1655,20,0,20,0,20,0,20,0,20,0
1656,2,3,2,3,2,3,2,3,2,3
1657,1,0,1,0,1,0,1,0,1,0
1658,0,0,0,0,0,0,0,0,0,0
1659,48,0,48,0,48,0,48,0,48,0
1660,29,0,29,0,29,0,29,0,29,0
1661,52,0,52,0,52,0,52,0,52,0
1662,80,0,80,0,80,0,80,0,80,0
1663,2,0,2,0,2,0,2,0,2,0
1664,3,0,3,0,3,0,3,0,3,0
1665,3,0,3,0,3,0,3,0,3,0
1666,2,0,2,0,2,0,2,0,2,0
1667,2,0,2,0,2,0,2,0,2,0
1668,3,0,3,0,3,0,3,0,3,0
1669,4,0,4,0,4,0,4,0,4,0
1670,2,0,2,0,2,0,2,0,2,0
1671,20,0,20,0,20,0,20,0,20,0
1672,3,0,3,0,3,0,3,0,3,0
1673,2,0,2,0,2,0,2,0,2,0
1674,3,0,3,0,3,0,3,0,3,0
1675,1,0,1,0,1,0,1,0,1,0
1676,2,0,2,0,2,0,2,0,2,0
1677,2,0,2,0,2,0,2,0,2,0
1678,3,0,3,0,3,0,3,0,3,0
1679,21,0,21,0,21,0,21,0,21,0
1680,2,0,2,0,2,0,2,0,2,0
1681,2,0,2,0,2,0,2,0,2,0
1682,5,0,5,0,5,0,5,0,5,0
1683,4,0,4,0,4,0,4,0,4,0
1684,2,0,2,0,2,0,2,0,2,0
1685,0,0,0,0,0,0,0,0,0,0
1686,2,2,2,2,2,2,2,2,2,2
1687,0,0,0,0,0,0,0,0,0,0
1688,26,0,26,0,26,0,26,0,26,0
1689,15,2,15,2,15,2,15,2,15,2
1690,6,0,6,0,6,0,6,0,6,0
1691,6,0,6,0,6,0,6,0,6,0
1692,48,0,48,0,48,0,48,0,48,0
1693,2,0,2,0,2,0,2,0,2,0
1694,47,0,47,0,47,0,47,0,47,0
1695,3,0,3,0,3,0,3,0,3,0
1696,0,0,0,0,0,0,0,0,0,0
1697,3,0,3,0,3,0,3,0,3,0
1698,2,0,2,0,2,0,2,0,2,0
1699,77,1,77,1,77,1,77,1,77,1
1700,3,0,3,0,3,0,3,0,3,0
1701,2,0,2,0,2,0,2,0,2,0
1702,2,0,2,0,2,0,2,0,2,0
1703,3,0,3,0,3,0,3,0,3,0
1704,70,0,70,0,70,0,70,0,70,0
1705,12,0,12,0,12,0,12,0,12,0
1706,3,0,3,0,3,0,3,0,3,0
1707,5,0,5,0,5,0,5,0,5,0
1708,4,0,4,0,4,0,4,0,4,0
1709,0,0,0,0,0,0,0,0,0,0
1710,1,0,1,0,1,0,1,0,1,0
1711,52,0,52,0,52,0,52,0,52,0
1712,2,0,2,0,2,0,2,0,2,0
1713,80,0,80,0,80,0,80,0,80,0
1714,2,0,2,0,2,0,2,0,2,0
1715,67,0,67,0,67,0,67,0,67,0
1716,35,0,35,0,35,0,35,0,35,0
1717,2,0,2,0,2,0,2,0,2,0
1718,5,0,5,0,5,0,5,0,5,0
1719,3,0,3,0,3,0,3,0,3,0
1720,3,0,3,0,3,0,3,0,3,0
1721,1,0,1,0,1,0,1,0,1,0
1722,0,0,0,0,0,0,0,0,0,0
1723,2,0,2,0,2,0,2,0,2,0
1724,58,0,58,0,58,0,58,0,58,0
1725,4,0,4,0,4,0,4,0,4,0
1726,0,0,0,0,0,0,0,0,0,0
1727,3,0,3,0,3,0,3,0,3,0
1728,1,0,1,0,1,0,1,0,1,0
1729,2,0,2,0,2,0,2,0,2,0
1730,51,0,51,0,51,0,51,0,51,0
1731,3,0,3,0,3,0,3,0,3,0
1732,31,0,31,0,31,0,31,0,31,0
1733,13,0,13,0,13,0,13,0,13,0
1734,0,0,0,0,0,0,0,0,0,0
1735,2,0,2,0,2,0,2,0,2,0
1736,2,0,2,0,2,0,2,0,2,0
1737,0,0,0,0,0,0,0,0,0,0
1738,2,0,2,0,2,0,2,0,2,0
1739,32,0,32,0,32,0,32,0,32,0
1740,4,0,4,0,4,0,4,0,4,0
1741,1,0,1,0,1,0,1,0,1,0
1742,11,0,11,0,11,0,11,0,11,0
1743,2,0,2,0,2,0,2,0,2,0
1744,83,0,83,0,83,0,83,0,83,0
1745,4,0,4,0,4,0,4,0,4,0
1746,0,0,0,0,0,0,0,0,0,0
1747,24,0,24,0,24,0,24,0,24,0
1748,1,0,1,0,1,0,1,0,1,0
1749,2,0,2,0,2,0,2,0,2,0
1750,3,0,3,0,3,0,3,0,3,0
1751,0,0,0,0,0,0,0,0,0,0
1752,33,0,33,0,33,0,33,0,33,0
1753,2,0,2,0,2,0,2,0,2,0
1754,0,0,0,0,0,0,0,0,0,0
1755,16,0,16,0,16,0,16,0,16,0
1756,21,0,21,0,21,0,21,0,21,0
1757,2,0,2,0,2,0,2,0,2,0
1758,0,0,0,0,0,0,0,0,0,0
1759,2,0,2,0,2,0,2,0,2,0
1760,75,0,75,0,75,0,75,0,75,0
1761,33,0,33,0,33,0,33,0,33,0
1762,14,0,14,0,14,0,14,0,14,0
1763,1,0,1,0,1,0,1,0,1,0
1764,2,0,2,0,2,0,2,0,2,0
1765,2,0,2,0,2,0,2,0,2,0
1766,3,0,3,0,3,0,3,0,3,0
1767,1,0,1,0,1,0,1,0,1,0
1768,3,0,3,0,3,0,3,0,3,0
1769,2,0,2,0,2,0,2,0,2,0
1770,1,0,1,0,1,0,1,0,1,0
1771,46,0,46,0,46,0,46,0,46,0
1772,0,0,0,0,0,0,0,0,0,0
1773,1,0,1,0,1,0,1,0,1,0
1774,5,0,5,0,5,0,5,0,5,0
1775,4,0,4,0,4,0,4,0,4,0
1776,48,0,48,0,48,0,48,0,48,0
1777,10,0,10,0,10,0,10,0,10,0
1778,6,0,6,0,6,0,6,0,6,0
1779,4,0,4,0,4,0,4,0,4,0
1780,18,0,18,0,18,0,18,0,18,0
1781,1,0,1,0,1,0,1,0,1,0
1782,1,0,1,0,1,0,1,0,1,0
1783,19,0,19,0,19,0,19,0,19,0
1784,2,0,2,0,2,0,2,0,2,0
1785,1,0,1,0,1,0,1,0,1,0
1786,51,0,51,0,51,0,51,0,51,0
1787,3,0,3,0,3,0,3,0,3,0
1788,55,0,55,0,55,0,55,0,55,0
1789,3,0,3,0,3,0,3,0,3,0
1790,36,0,36,0,36,0,36,0,36,0
1791,3,0,3,0,3,0,3,0,3,0
1792,14,0,14,0,14,0,14,0,14,0
1793,3,0,3,0,3,0,3,0,3,0
1794,4,0,4,0,4,0,4,0,4,0
1795,13,0,13,0,13,0,13,0,13,0
1796,3,0,3,0,3,0,3,0,3,0
1797,2,0,2,0,2,0,2,0,2,0
1798,2,0,2,0,2,0,2,0,2,0
1799,3,0,3,0,3,0,3,0,3,0
1800,2,66,2,66,2,66,2,66,2,66
1801,0,0,0,0,0,0,0,0,0,0
1802,0,0,0,0,0,0,0,0,0,0
1803,2,0,2,0,2,0,2,0,2,0
1804,4,0,4,0,4,0,4,0,4,0
1805,3,3,3,3,3,3,3,3,3,3
1806,15,0,15,0,15,0,15,0,15,0
1807,3,0,3,0,3,0,3,0,3,0
1808,49,0,49,0,49,0,49,0,49,0
1809,53,0,53,0,53,0,53,0,53,0
1810,2,0,2,0,2,0,2,0,2,0
1811,2,0,2,0,2,0,2,0,2,0
1812,4,0,4,0,4,0,4,0,4,0
1813,1,0,1,0,1,0,1,0,1,0
1814,1,0,1,0,1,0,1,0,1,0
1815,1,0,1,0,1,0,1,0,1,0
1816,35,0,35,0,35,0,35,0,35,0
1817,57,0,57,0,57,0,57,0,57,0
1818,3,0,3,0,3,0,3,0,3,0
1819,36,0,36,0,36,0,36,0,36,0
1820,0,0,0,0,0,0,0,0,0,0
1821,4,0,4,0,4,0,4,0,4,0
1822,0,0,0,0,0,0,0,0,0,0
1823,1,0,1,0,1,0,1,0,1,0
1824,18,0,18,0,18,0,18,0,18,0
1825,0,0,0,0,0,0,0,0,0,0
1826,5,0,5,0,5,0,5,0,5,0
1827,3,0,3,0,3,0,3,0,3,0
1828,5,0,5,0,5,0,5,0,5,0
1829,4,0,4,0,4,0,4,0,4,0
1830,56,0,56,0,56,0,56,0,56,0
1831,4,0,4,0,4,0,4,0,4,0
1832,30,0,30,0,30,0,30,0,30,0
1833,28,0,28,0,28,0,28,0,28,0
1834,3,0,3,0,3,0,3,0,3,0
1835,52,0,52,0,52,0,52,0,52,0
1836,18,0,18,0,18,0,18,0,18,0
1837,38,0,38,0,38,0,38,0,38,0
1838,2,0,2,0,2,0,2,0,2,0
1839,2,0,2,0,2,0,2,0,2,0
1840,3,0,3,0,3,0,3,0,3,0
1841,0,0,0,0,0,0,0,0,0,0
1842,66,0,66,0,66,0,66,0,66,0
1843,2,0,2,0,2,0,2,0,2,0
1844,19,0,19,0,19,0,19,0,19,0
1845,1,0,1,0,1,0,1,0,1,0
1846,8,0,8,0,8,0,8,0,8,0
1847,5,0,5,0,5,0,5,0,5,0
1848,0,0,0,0,0,0,0,0,0,0
1849,3,0,3,0,3,0,3,0,3,0
1850,2,0,2,0,2,0,2,0,2,0
1851,3,0,3,0,3,0,3,0,3,0
1852,37,0,37,0,37,0,37,0,37,0
1853,3,0,3,0,3,0,3,0,3,0
1854,13,0,13,0,13,0,13,0,13,0
1855,2,0,2,0,2,0,2,0,2,0
1856,2,0,2,0,2,0,2,0,2,0
1857,1,0,1,0,1,0,1,0,1,0
1858,6,0,6,0,6,0,6,0,6,0
1859,1,0,1,0,1,0,1,0,1,0
1860,5,0,5,0,5,0,5,0,5,0
1861,44,0,44,0,44,0,44,0,44,0
1862,3,0,3,0,3,0,3,0,3,0
1863,0,0,0,0,0,0,0,0,0,0
1864,2,0,2,0,2,0,2,0,2,0
1865,3,0,3,0,3,0,3,0,3,0
1866,0,0,0,0,0,0,0,0,0,0
1867,1,0,1,0,1,0,1,0,1,0
1868,3,0,3,0,3,0,3,0,3,0
1869,10,0,10,0,10,0,10,0,10,0
1870,2,0,2,0,2,0,2,0,2,0
1871,22,0,22,0,22,0,22,0,22,0
1872,52,0,52,0,52,0,52,0,52,0
1873,2,0,2,0,2,0,2,0,2,0
1874,1,0,1,0,1,0,1,0,1,0
1875,78,0,78,0,78,0,78,0,78,0
1876,22,0,22,0,22,0,22,0,22,0
1877,2,0,2,0,2,0,2,0,2,0
1878,2,0,2,0,2,0,2,0,2,0
1879,14,0,14,0,14,0,14,0,14,0
1880,3,0,3,0,3,0,3,0,3,0
1881,2,0,2,0,2,0,2,0,2,0
1882,8,0,8,0,8,0,8,0,8,0
1883,0,0,0,0,0,0,0,0,0,0
1884,3,0,3,0,3,0,3,0,3,0
1885,2,0,2,0,2,0,2,0,2,0
1886,3,3,3,3,3,3,3,3,3,3
1887,80,0,80,0,80,0,80,0,80,0
1888,7,0,7,0,7,0,7,0,7,0
1889,4,0,4,0,4,0,4,0,4,0
1890,2,0,2,0,2,0,2,0,2,0
1891,3,0,3,0,3,0,3,0,3,0
1892,5,0,5,0,5,0,5,0,5,0
1893,3,0,3,0,3,0,3,0,3,0
1894,1,0,1,0,1,0,1,0,1,0
1895,100,26,100,26,100,26,100,26,100,26
1896,22,0,22,0,22,0,22,0,22,0
1897,1,0,1,0,1,0,1,0,1,0
1898,89,0,89,0,89,0,89,0,89,0
1899,31,0,31,0,31,0,31,0,31,0
1900,17,0,17,0,17,0,17,0,17,0
1901,0,0,0,0,0,0,0,0,0,0
1902,8,0,8,0,8,0,8,0,8,0
1903,0,0,0,0,0,0,0,0,0,0
1904,2,0,2,0,2,0,2,0,2,0
1905,12,0,12,0,12,0,12,0,12,0
1906,2,0,2,0,2,0,2,0,2,0
1907,1,0,1,0,1,0,1,0,1,0
1908,0,0,0,0,0,0,0,0,0,0
1909,0,0,0,0,0,0,0,0,0,0
1910,2,0,2,0,2,0,2,0,2,0
1911,2,0,2,0,2,0,2,0,2,0
1912,17,6,17,6,17,6,17,6,17,6
1913,1,0,1,0,1,0,1,0,1,0
1914,56,0,56,0,56,0,56,0,56,0
1915,7,0,7,0,7,0,7,0,7,0
1916,0,0,0,0,0,0,0,0,0,0
1917,2,0,2,0,2,0,2,0,2,0
1918,1,0,1,0,1,0,1,0,1,0
1919,1,0,1,0,1,0,1,0,1,0
1920,33,0,33,0,33,0,33,0,33,0
1921,3,0,3,0,3,0,3,0,3,0
1922,2,0,2,0,2,0,2,0,2,0
1923,2,0,2,0,2,0,2,0,2,0
1924,2,0,2,0,2,0,2,0,2,0
1925,4,0,4,0,4,0,4,0,4,0
1926,3,0,3,0,3,0,3,0,3,0
1927,2,0,2,0,2,0,2,0,2,0
1928,14,1,14,1,14,1,14,1,14,1
1929,2,0,2,0,2,0,2,0,2,0
1930,2,0,2,0,2,0,2,0,2,0
1931,38,0,38,0,38,0,38,0,38,0
1932,2,0,2,0,2,0,2,0,2,0
1933,2,0,2,0,2,0,2,0,2,0
1934,2,0,2,0,2,0,2,0,2,0
1935,3,0,3,0,3,0,3,0,3,0
1936,4,0,4,0,4,0,4,0,4,0
1937,4,0,4,0,4,0,4,0,4,0
1938,52,0,52,0,52,0,52,0,52,0
1939,12,0,12,0,12,0,12,0,12,0
1940,3,0,3,0,3,0,3,0,3,0
1941,5,0,5,0,5,0,5,0,5,0
1942,0,0,0,0,0,0,0,0,0,0
1943,53,0,53,0,53,0,53,0,53,0
1944,1,0,1,0,1,0,1,0,1,0
1945,5,0,5,0,5,0,5,0,5,0
1946,2,0,2,0,2,0,2,0,2,0
1947,2,1,2,1,2,1,2,1,2,1
1948,7,0,7,0,7,0,7,0,7,0
1949,2,0,2,0,2,0,2,0,2,0
1950,1,0,1,0,1,0,1,0,1,0
1951,2,0,2,0,2,0,2,0,2,0
1952,84,0,84,0,84,0,84,0,84,0
1953,46,0,46,0,46,0,46,0,46,0
1954,0,0,0,0,0,0,0,0,0,0
1955,1,0,1,0,1,0,1,0,1,0
1956,2,0,2,0,2,0,2,0,2,0
1957,15,0,15,0,15,0,15,0,15,0
1958,2,0,2,0,2,0,2,0,2,0
1959,0,0,0,0,0,0,0,0,0,0
1960,8,0,8,0,8,0,8,0,8,0
1961,2,0,2,0,2,0,2,0,2,0
1962,28,0,28,0,28,0,28,0,28,0
1963,35,0,35,0,35,0,35,0,35,0
1964,1,0,1,0,1,0,1,0,1,0
1965,30,0,30,0,30,0,30,0,30,0
1966,2,0,2,0,2,0,2,0,2,0
1967,3,0,3,0,3,0,3,0,3,0
1968,3,0,3,0,3,0,3,0,3,0
1969,6,0,6,0,6,0,6,0,6,0
1970,2,0,2,0,2,0,2,0,2,0
1971,2,3,2,3,2,3,2,3,2,3
1972,3,0,3,0,3,0,3,0,3,0
1973,79,0,79,0,79,0,79,0,79,0
1974,2,0,2,0,2,0,2,0,2,0
1975,3,0,3,0,3,0,3,0,3,0
1976,4,0,4,0,4,0,4,0,4,0
1977,64,0,64,0,64,0,64,0,64,0
1978,2,0,2,0,2,0,2,0,2,0
1979,2,0,2,0,2,0,2,0,2,0
1980,0,0,0,0,0,0,0,0,0,0
1981,60,0,60,0,60,0,60,0,60,0
1982,3,0,3,0,3,0,3,0,3,0
1983,2,0,2,0,2,0,2,0,2,0
1984,0,0,0,0,0,0,0,0,0,0
1985,2,0,2,0,2,0,2,0,2,0
1986,1,0,1,0,1,0,1,0,1,0
1987,0,0,0,0,0,0,0,0,0,0
1988,0,0,0,0,0,0,0,0,0,0
1989,0,0,0,0,0,0,0,0,0,0
1990,10,0,10,0,10,0,10,0,10,0
1991,4,0,4,0,4,0,4,0,4,0
1992,39,0,39,0,39,0,39,0,39,0
1993,3,0,3,0,3,0,3,0,3,0
1994,4,0,4,0,4,0,4,0,4,0
1995,28,0,28,0,28,0,28,0,28,0
1996,3,0,3,0,3,0,3,0,3,0
1997,3,0,3,0,3,0,3,0,3,0
1998,3,0,3,0,3,0,3,0,3,0
1999,0,0,0,0,0,0,0,0,0,0
2000,16,0,16,0,16,0,16,0,16,0
2001,3,133,3,133,3,133,3,133,3,133
2002,7,0,7,0,7,0,7,0,7,0
2003,1,0,1,0,1,0,1,0,1,0
2004,2,0,2,0,2,0,2,0,2,0
2005,1,0,1,0,1,0,1,0,1,0
2006,0,0,0,0,0,0,0,0,0,0
2007,2,0,2,0,2,0,2,0,2,0
2008,7,0,7,0,7,0,7,0,7,0
2009,1,0,1,0,1,0,1,0,1,0
2010,23,0,23,0,23,0,23,0,23,0
2011,20,0,20,0,20,0,20,0,20,0
2012,1,0,1,0,1,0,1,0,1,0
2013,2,0,2,0,2,0,2,0,2,0
2014,0,0,0,0,0,0,0,0,0,0
2015,0,0,0,0,0,0,0,0,0,0
2016,3,0,3,0,3,0,3,0,3,0
2017,12,0,12,0,12,0,12,0,12,0
2018,12,0,12,0,12,0,12,0,12,0
2019,2,2,2,2,2,2,2,2,2,2
2020,2,0,2,0,2,0,2,0,2,0
2021,0,0,0,0,0,0,0,0,0,0
2022,2,0,2,0,2,0,2,0,2,0
2023,3,0,3,0,3,0,3,0,3,0
2024,18,0,18,0,18,0,18,0,18,0
2025,12,0,12,0,12,0,12,0,12,0
2026,3,0,3,0,3,0,3,0,3,0
2027,0,0,0,0,0,0,0,0,0,0
2028,14,0,14,0,14,0,14,0,14,0
2029,0,0,0,0,0,0,0,0,0,0
2030,3,0,3,0,3,0,3,0,3,0
2031,16,0,16,0,16,0,16,0,16,0
2032,12,0,12,0,12,0,12,0,12,0
2033,13,0,13,0,13,0,13,0,13,0
2034,35,0,35,0,35,0,35,0,35,0
2035,2,0,2,0,2,0,2,0,2,0
2036,13,0,13,0,13,0,13,0,13,0
2037,1,0,1,0,1,0,1,0,1,0
2038,4,7,4,7,4,7,4,7,4,7
2039,11,0,11,0,11,0,11,0,11,0
2040,3,0,3,0,3,0,3,0,3,0
2041,1,0,1,0,1,0,1,0,1,0
2042,2,0,2,0,2,0,2,0,2,0
2043,0,0,0,0,0,0,0,0,0,0
2044,5,3,5,3,5,3,5,3,5,3
2045,30,0,30,0,30,0,30,0,30,0
2046,0,0,0,0,0,0,0,0,0,0
2047,4,200,4,200,4,200,4,200,4,200
2048,97,0,97,0,97,0,97,0,97,0
2049,17,0,17,0,17,0,17,0,17,0
2050,3,0,3,0,3,0,3,0,3,0
2051,1,0,1,0,1,0,1,0,1,0
2052,16,0,16,0,16,0,16,0,16,0
2053,8,0,8,0,8,0,8,0,8,0
2054,2,0,2,0,2,0,2,0,2,0
2055,2,0,2,0,2,0,2,0,2,0
2056,3,0,3,0,3,0,3,0,3,0
2057,8,0,8,0,8,0,8,0,8,0
2058,11,0,11,0,11,0,11,0,11,0
2059,2,0,2,0,2,0,2,0,2,0
2060,2,0,2,0,2,0,2,0,2,0
2061,3,0,3,0,3,0,3,0,3,0
2062,27,0,27,0,27,0,27,0,27,0
2063,1,0,1,0,1,0,1,0,1,0
2064,33,0,33,0,33,0,33,0,33,0
2065,10,0,10,0,10,0,10,0,10,0
2066,61,0,61,0,61,0,61,0,61,0
2067,0,0,0,0,0,0,0,0,0,0
2068,3,0,3,0,3,0,3,0,3,0
2069,36,0,36,0,36,0,36,0,36,0
2070,20,0,20,0,20,0,20,0,20,0
2071,1,0,1,0,1,0,1,0,1,0
2072,13,0,13,0,13,0,13,0,13,0
2073,55,0,55,0,55,0,55,0,55,0
2074,3,0,3,0,3,0,3,0,3,0
2075,1,0,1,0,1,0,1,0,1,0
2076,1,0,1,0,1,0,1,0,1,0
2077,13,0,13,0,13,0,13,0,13,0
2078,2,0,2,0,2,0,2,0,2,0
2079,26,0,26,0,26,0,26,0,26,0
2080,0,0,0,0,0,0,0,0,0,0
2081,1,0,1,0,1,0,1,0,1,0
2082,5,0,5,0,5,0,5,0,5,0
2083,1,0,1,0,1,0,1,0,1,0
2084,0,0,0,0,0,0,0,0,0,0
2085,4,0,4,0,4,0,4,0,4,0
2086,2,0,2,0,2,0,2,0,2,0
2087,1,0,1,0,1,0,1,0,1,0
2088,25,0,25,0,25,0,25,0,25,0
2089,14,0,14,0,14,0,14,0,14,0
2090,40,0,40,0,40,0,40,0,40,0
2091,1,0,1,0,1,0,1,0,1,0
2092,3,0,3,0,3,0,3,0,3,0
2093,33,0,33,0,33,0,33,0,33,0
2094,17,0,17,0,17,0,17,0,17,0
2095,49,0,49,0,49,0,49,0,49,0
2096,0,0,0,0,0,0,0,0,0,0
2097,1,0,1,0,1,0,1,0,1,0
2098,2,0,2,0,2,0,2,0,2,0
2099,27,0,27,0,27,0,27,0,27,0
2100,2,0,2,0,2,0,2,0,2,0
2101,52,0,52,0,52,0,52,0,52,0
2102,4,0,4,0,4,0,4,0,4,0
2103,54,0,54,0,54,0,54,0,54,0
2104,7,0,7,0,7,0,7,0,7,0
2105,0,0,0,0,0,0,0,0,0,0
2106,4,0,4,0,4,0,4,0,4,0
2107,10,0,10,0,10,0,10,0,10,0
2108,8,0,8,0,8,0,8,0,8,0
2109,15,0,15,0,15,0,15,0,15,0
2110,3,0,3,0,3,0,3,0,3,0
2111,30,0,30,0,30,0,30,0,30,0
2112,2,0,2,0,2,0,2,0,2,0
2113,41,0,41,0,41,0,41,0,41,0
2114,3,0,3,0,3,0,3,0,3,0
2115,16,0,16,0,16,0,16,0,16,0
2116,12,0,12,0,12,0,12,0,12,0
2117,38,0,38,0,38,0,38,0,38,0
2118,8,0,8,0,8,0,8,0,8,0
2119,1,0,1,0,1,0,1,0,1,0
2120,54,0,54,0,54,0,54,0,54,0
2121,0,0,0,0,0,0,0,0,0,0
2122,2,0,2,0,2,0,2,0,2,0
2123,3,0,3,0,3,0,3,0,3,0
2124,51,0,51,0,51,0,51,0,51,0
2125,2,0,2,0,2,0,2,0,2,0
2126,22,0,22,0,22,0,22,0,22,0
2127,2,0,2,0,2,0,2,0,2,0
2128,2,0,2,0,2,0,2,0,2,0
2129,0,0,0,0,0,0,0,0,0,0
2130,17,0,17,0,17,0,17,0,17,0
2131,1,0,1,0,1,0,1,0,1,0
2132,9,0,9,0,9,0,9,0,9,0
2133,0,0,0,0,0,0,0,0,0,0
2134,25,0,25,0,25,0,25,0,25,0
2135,9,0,9,0,9,0,9,0,9,0
2136,0,0,0,0,0,0,0,0,0,0
2137,2,0,2,0,2,0,2,0,2,0
2138,60,0,60,0,60,0,60,0,60,0
2139,2,0,2,0,2,0,2,0,2,0
2140,15,0,15,0,15,0,15,0,15,0
2141,53,0,53,0,53,0,53,0,53,0
2142,60,0,60,0,60,0,60,0,60,0
2143,2,2,2,2,2,2,2,2,2,2
2144,37,0,37,0,37,0,37,0,37,0
2145,2,0,2,0,2,0,2,0,2,0
2146,2,0,2,0,2,0,2,0,2,0
2147,1,0,1,0,1,0,1,0,1,0
2148,26,0,26,0,26,0,26,0,26,0
2149,4,0,4,0,4,0,4,0,4,0
2150,2,0,2,0,2,0,2,0,2,0
2151,1,0,1,0,1,0,1,0,1,0
2152,20,0,20,0,20,0,20,0,20,0
2153,5,0,5,0,5,0,5,0,5,0
2154,1,0,1,0,1,0,1,0,1,0
2155,7,200,7,200,7,200,7,200,7,200
2156,85,0,85,0,85,0,85,0,85,0
2157,0,0,0,0,0,0,0,0,0,0
2158,14,0,14,0,14,0,14,0,14,0
2159,0,2,0,2,0,2,0,2,0,2
2160,17,0,17,0,17,0,17,0,17,0
2161,11,0,11,0,11,0,11,0,11,0
2162,0,0,0,0,0,0,0,0,0,0
2163,3,0,3,0,3,0,3,0,3,0
2164,27,0,27,0,27,0,27,0,27,0
2165,0,0,0,0,0,0,0,0,0,0
2166,15,0,15,0,15,0,15,0,15,0
2167,1,0,1,0,1,0,1,0,1,0
2168,2,0,2,0,2,0,2,0,2,0
2169,15,0,15,0,15,0,15,0,15,0
2170,1,0,1,0,1,0,1,0,1,0
2171,1,0,1,0,1,0,1,0,1,0
2172,2,5,2,5,2,5,2,5,2,5
2173,2,0,2,0,2,0,2,0,2,0
2174,22,0,22,0,22,0,22,0,22,0
2175,14,0,14,0,14,0,14,0,14,0
2176,2,0,2,0,2,0,2,0,2,0
2177,3,0,3,0,3,0,3,0,3,0
2178,5,0,5,0,5,0,5,0,5,0
2179,3,0,3,0,3,0,3,0,3,0
2180,2,0,2,0,2,0,2,0,2,0
2181,2,0,2,0,2,0,2,0,2,0
2182,4,0,4,0,4,0,4,0,4,0
2183,0,0,0,0,0,0,0,0,0,0
2184,17,0,17,0,17,0,17,0,17,0
2185,2,0,2,0,2,0,2,0,2,0
2186,1,0,1,0,1,0,1,0,1,0
2187,6,0,6,0,6,0,6,0,6,0
2188,4,0,4,0,4,0,4,0,4,0
2189,49,0,49,0,49,0,49,0,49,0
2190,19,0,19,0,19,0,19,0,19,0
2191,56,0,56,0,56,0,56,0,56,0
2192,3,0,3,0,3,0,3,0,3,0
2193,3,0,3,0,3,0,3,0,3,0
2194,2,0,2,0,2,0,2,0,2,0
2195,1,0,1,0,1,0,1,0,1,0
2196,7,0,7,0,7,0,7,0,7,0
2197,5,0,5,0,5,0,5,0,5,0
2198,25,0,25,0,25,0,25,0,25,0
2199,25,0,25,0,25,0,25,0,25,0
2200,19,0,19,0,19,0,19,0,19,0
2201,2,0,2,0,2,0,2,0,2,0
2202,2,0,2,0,2,0,2,0,2,0
2203,7,0,7,0,7,0,7,0,7,0
2204,9,0,9,0,9,0,9,0,9,0
2205,5,0,5,0,5,0,5,0,5,0
2206,2,0,2,0,2,0,2,0,2,0
2207,31,0,31,0,31,0,31,0,31,0
2208,9,0,9,0,9,0,9,0,9,0
2209,16,0,16,0,16,0,16,0,16,0
2210,2,0,2,0,2,0,2,0,2,0
2211,2,0,2,0,2,0,2,0,2,0
2212,1,200,1,200,1,200,1,200,1,200
2213,3,0,3,0,3,0,3,0,3,0
2214,3,0,3,0,3,0,3,0,3,0
2215,3,0,3,0,3,0,3,0,3,0
2216,4,0,4,0,4,0,4,0,4,0
2217,3,0,3,0,3,0,3,0,3,0
2218,2,0,2,0,2,0,2,0,2,0
2219,3,0,3,0,3,0,3,0,3,0
2220,2,0,2,0,2,0,2,0,2,0
2221,3,0,3,0,3,0,3,0,3,0
2222,9,0,9,0,9,0,9,0,9,0
2223,2,0,2,0,2,0,2,0,2,0
2224,3,0,3,0,3,0,3,0,3,0
2225,66,0,66,0,66,0,66,0,66,0
2226,12,0,12,0,12,0,12,0,12,0
2227,3,0,3,0,3,0,3,0,3,0
2228,6,0,6,0,6,0,6,0,6,0
2229,3,0,3,0,3,0,3,0,3,0
2230,2,0,2,0,2,0,2,0,2,0
2231,0,0,0,0,0,0,0,0,0,0
2232,1,0,1,0,1,0,1,0,1,0
2233,2,0,2,0,2,0,2,0,2,0
2234,3,0,3,0,3,0,3,0,3,0
2235,35,0,35,0,35,0,35,0,35,0
2236,3,0,3,0,3,0,3,0,3,0
2237,6,0,6,0,6,0,6,0,6,0
2238,5,0,5,0,5,0,5,0,5,0
2239,0,0,0,0,0,0,0,0,0,0
2240,2,0,2,0,2,0,2,0,2,0
2241,1,11,1,11,1,11,1,11,1,11
2242,2,0,2,0,2,0,2,0,2,0
2243,0,0,0,0,0,0,0,0,0,0
2244,71,0,71,0,71,0,71,0,71,0
2245,9,0,9,0,9,0,9,0,9,0
2246,3,0,3,0,3,0,3,0,3,0
2247,3,0,3,0,3,0,3,0,3,0
2248,2,0,2,0,2,0,2,0,2,0
2249,15,0,15,0,15,0,15,0,15,0
2250,6,0,6,0,6,0,6,0,6,0
2251,2,0,2,0,2,0,2,0,2,0
2252,2,0,2,0,2,0,2,0,2,0
2253,31,0,31,0,31,0,31,0,31,0
2254,6,0,6,0,6,0,6,0,6,0
2255,2,0,2,0,2,0,2,0,2,0
2256,24,0,24,0,24,0,24,0,24,0
2257,11,0,11,0,11,0,11,0,11,0
2258,1,0,1,0,1,0,1,0,1,0
2259,27,0,27,0,27,0,27,0,27,0
2260,2,0,2,0,2,0,2,0,2,0
2261,2,0,2,0,2,0,2,0,2,0
2262,4,0,4,0,4,0,4,0,4,0
2263,0,0,0,0,0,0,0,0,0,0
2264,0,0,0,0,0,0,0,0,0,0
2265,0,0,0,0,0,0,0,0,0,0
2266,2,0,2,0,2,0,2,0,2,0
2267,2,0,2,0,2,0,2,0,2,0
2268,2,0,2,0,2,0,2,0,2,0
2269,10,0,10,0,10,0,10,0,10,0
2270,1,0,1,0,1,0,1,0,1,0
2271,2,0,2,0,2,0,2,0,2,0
2272,2,0,2,0,2,0,2,0,2,0
2273,0,0,0,0,0,0,0,0,0,0
2274,14,0,14,0,14,0,14,0,14,0
2275,1,0,1,0,1,0,1,0,1,0
2276,1,0,1,0,1,0,1,0,1,0
2277,2,0,2,0,2,0,2,0,2,0
2278,2,0,2,0,2,0,2,0,2,0
2279,4,0,4,0,4,0,4,0,4,0
2280,22,0,22,0,22,0,22,0,22,0
2281,2,0,2,0,2,0,2,0,2,0
2282,3,0,3,0,3,0,3,0,3,0
2283,0,0,0,0,0,0,0,0,0,0
2284,0,0,0,0,0,0,0,0,0,0
2285,2,0,2,0,2,0,2,0,2,0
2286,4,0,4,0,4,0,4,0,4,0
2287,0,0,0,0,0,0,0,0,0,0
2288,0,0,0,0,0,0,0,0,0,0
2289,2,0,2,0,2,0,2,0,2,0
2290,2,0,2,0,2,0,2,0,2,0
2291,2,0,2,0,2,0,2,0,2,0
2292,34,0,34,0,34,0,34,0,34,0
2293,0,2,0,2,0,2,0,2,0,2
2294,2,0,2,0,2,0,2,0,2,0
2295,3,0,3,0,3,0,3,0,3,0
2296,4,0,4,0,4,0,4,0,4,0
2297,12,0,12,0,12,0,12,0,12,0
2298,6,0,6,0,6,0,6,0,6,0
2299,12,0,12,0,12,0,12,0,12,0
2300,1,0,1,0,1,0,1,0,1,0
2301,2,0,2,0,2,0,2,0,2,0
2302,4,0,4,0,4,0,4,0,4,0
2303,2,0,2,0,2,0,2,0,2,0
2304,2,0,2,0,2,0,2,0,2,0
2305,2,0,2,0,2,0,2,0,2,0
2306,2,0,2,0,2,0,2,0,2,0
2307,3,0,3,0,3,0,3,0,3,0
2308,92,0,92,0,92,0,92,0,92,0
2309,2,0,2,0,2,0,2,0,2,0
2310,3,0,3,0,3,0,3,0,3,0
2311,49,0,49,0,49,0,49,0,49,0
2312,1,0,1,0,1,0,1,0,1,0
2313,1,0,1,0,1,0,1,0,1,0
2314,30,0,30,0,30,0,30,0,30,0
2315,52,0,52,0,52,0,52,0,52,0
2316,14,0,14,0,14,0,14,0,14,0
2317,2,0,2,0,2,0,2,0,2,0
2318,1,0,1,0,1,0,1,0,1,0
2319,0,0,0,0,0,0,0,0,0,0
2320,0,0,0,0,0,0,0,0,0,0
2321,4,0,4,0,4,0,4,0,4,0
2322,31,0,31,0,31,0,31,0,31,0
2323,7,0,7,0,7,0,7,0,7,0
2324,5,0,5,0,5,0,5,0,5,0
2325,14,0,14,0,14,0,14,0,14,0
2326,6,0,6,0,6,0,6,0,6,0
2327,4,0,4,0,4,0,4,0,4,0
2328,4,0,4,0,4,0,4,0,4,0
2329,4,0,4,0,4,0,4,0,4,0
2330,45,0,45,0,45,0,45,0,45,0
2331,3,0,3,0,3,0,3,0,3,0
2332,23,0,23,0,23,0,23,0,23,0
2333,0,0,0,0,0,0,0,0,0,0
2334,2,0,2,0,2,0,2,0,2,0
2335,4,0,4,0,4,0,4,0,4,0
2336,0,0,0,0,0,0,0,0,0,0
2337,1,0,1,0,1,0,1,0,1,0
2338,2,0,2,0,2,0,2,0,2,0
2339,4,0,4,0,4,0,4,0,4,0
2340,20,0,20,0,20,0,20,0,20,0
2341,5,0,5,0,5,0,5,0,5,0
2342,44,0,44,0,44,0,44,0,44,0
2343,2,0,2,0,2,0,2,0,2,0
2344,0,0,0,0,0,0,0,0,0,0
2345,27,0,27,0,27,0,27,0,27,0
2346,2,0,2,0,2,0,2,0,2,0
2347,2,0,2,0,2,0,2,0,2,0
2348,5,0,5,0,5,0,5,0,5,0
2349,11,0,11,0,11,0,11,0,11,0
2350,1,0,1,0,1,0,1,0,1,0
2351,2,0,2,0,2,0,2,0,2,0
2352,3,0,3,0,3,0,3,0,3,0
2353,2,0,2,0,2,0,2,0,2,0
2354,0,0,0,0,0,0,0,0,0,0
2355,0,0,0,0,0,0,0,0,0,0
2356,0,0,0,0,0,0,0,0,0,0
2357,0,0,0,0,0,0,0,0,0,0
2358,3,0,3,0,3,0,3,0,3,0
2359,2,3,2,3,2,3,2,3,2,3
2360,1,0,1,0,1,0,1,0,1,0
2361,2,0,2,0,2,0,2,0,2,0
2362,13,0,13,0,13,0,13,0,13,0
2363,8,0,8,0,8,0,8,0,8,0
2364,14,0,14,0,14,0,14,0,14,0
2365,38,0,38,0,38,0,38,0,38,0
2366,31,0,31,0,31,0,31,0,31,0
2367,0,0,0,0,0,0,0,0,0,0
2368,25,0,25,0,25,0,25,0,25,0
2369,2,0,2,0,2,0,2,0,2,0
2370,15,0,15,0,15,0,15,0,15,0
2371,3,0,3,0,3,0,3,0,3,0
2372,32,0,32,0,32,0,32,0,32,0
2373,3,0,3,0,3,0,3,0,3,0
2374,3,0,3,0,3,0,3,0,3,0
2375,3,0,3,0,3,0,3,0,3,0
2376,11,0,11,0,11,0,11,0,11,0
2377,2,0,2,0,2,0,2,0,2,0
2378,2,3,2,3,2,3,2,3,2,3
2379,0,0,0,0,0,0,0,0,0,0
2380,1,0,1,0,1,0,1,0,1,0
2381,27,0,27,0,27,0,27,0,27,0
2382,3,0,3,0,3,0,3,0,3,0
2383,37,0,37,0,37,0,37,0,37,0
2384,2,0,2,0,2,0,2,0,2,0
2385,2,0,2,0,2,0,2,0,2,0
2386,80,0,80,0,80,0,80,0,80,0
2387,3,0,3,0,3,0,3,0,3,0
2388,2,0,2,0,2,0,2,0,2,0
2389,4,0,4,0,4,0,4,0,4,0
2390,2,0,2,0,2,0,2,0,2,0
2391,3,0,3,0,3,0,3,0,3,0
2392,26,0,26,0,26,0,26,0,26,0
2393,1,0,1,0,1,0,1,0,1,0
2394,4,0,4,0,4,0,4,0,4,0
2395,2,0,2,0,2,0,2,0,2,0
2396,31,0,31,0,31,0,31,0,31,0
2397,1,0,1,0,1,0,1,0,1,0
2398,39,0,39,0,39,0,39,0,39,0
2399,37,0,37,0,37,0,37,0,37,0
2400,4,0,4,0,4,0,4,0,4,0
2401,3,0,3,0,3,0,3,0,3,0
2402,0,0,0,0,0,0,0,0,0,0
2403,6,0,6,0,6,0,6,0,6,0
2404,51,0,51,0,51,0,51,0,51,0
2405,7,0,7,0,7,0,7,0,7,0
2406,60,0,60,0,60,0,60,0,60,0
2407,22,0,22,0,22,0,22,0,22,0
2408,3,0,3,0,3,0,3,0,3,0
2409,2,0,2,0,2,0,2,0,2,0
2410,1,0,1,0,1,0,1,0,1,0
2411,1,0,1,0,1,0,1,0,1,0
2412,0,0,0,0,0,0,0,0,0,0
2413,0,0,0,0,0,0,0,0,0,0
2414,8,0,8,0,8,0,8,0,8,0
2415,4,0,4,0,4,0,4,0,4,0
2416,2,0,2,0,2,0,2,0,2,0
2417,2,0,2,0,2,0,2,0,2,0
2418,38,0,38,0,38,0,38,0,38,0
2419,9,0,9,0,9,0,9,0,9,0
2420,24,0,24,0,24,0,24,0,24,0
2421,0,0,0,0,0,0,0,0,0,0
2422,2,0,2,0,2,0,2,0,2,0
2423,6,0,6,0,6,0,6,0,6,0
2424,35,0,35,0,35,0,35,0,35,0
2425,39,0,39,0,39,0,39,0,39,0
2426,1,0,1,0,1,0,1,0,1,0
2427,0,0,0,0,0,0,0,0,0,0
2428,9,0,9,0,9,0,9,0,9,0
2429,33,0,33,0,33,0,33,0,33,0
2430,7,0,7,0,7,0,7,0,7,0
2431,6,0,6,0,6,0,6,0,6,0
2432,2,0,2,0,2,0,2,0,2,0
2433,1,0,1,0,1,0,1,0,1,0
2434,7,0,7,0,7,0,7,0,7,0
2435,1,0,1,0,1,0,1,0,1,0
2436,0,0,0,0,0,0,0,0,0,0
2437,11,0,11,0,11,0,11,0,11,0
2438,54,0,54,0,54,0,54,0,54,0
2439,32,0,32,0,32,0,32,0,32,0
2440,12,0,12,0,12,0,12,0,12,0
2441,46,0,46,0,46,0,46,0,46,0
2442,12,0,12,0,12,0,12,0,12,0
2443,3,0,3,0,3,0,3,0,3,0
2444,6,0,6,0,6,0,6,0,6,0
2445,34,0,34,0,34,0,34,0,34,0
2446,4,0,4,0,4,0,4,0,4,0
2447,3,0,3,0,3,0,3,0,3,0
2448,2,0,2,0,2,0,2,0,2,0
2449,10,0,10,0,10,0,10,0,10,0
2450,2,0,2,0,2,0,2,0,2,0
2451,3,0,3,0,3,0,3,0,3,0
2452,11,0,11,0,11,0,11,0,11,0
2453,3,0,3,0,3,0,3,0,3,0
2454,1,0,1,0,1,0,1,0,1,0
2455,43,0,43,0,43,0,43,0,43,0
2456,2,0,2,0,2,0,2,0,2,0
2457,2,0,2,0,2,0,2,0,2,0
2458,3,0,3,0,3,0,3,0,3,0
2459,9,0,9,0,9,0,9,0,9,0
2460,5,0,5,0,5,0,5,0,5,0
2461,5,0,5,0,5,0,5,0,5,0
2462,2,0,2,0,2,0,2,0,2,0
2463,1,0,1,0,1,0,1,0,1,0
2464,39,0,39,0,39,0,39,0,39,0
2465,25,0,25,0,25,0,25,0,25,0
2466,4,0,4,0,4,0,4,0,4,0
2467,5,0,5,0,5,0,5,0,5,0
2468,2,0,2,0,2,0,2,0,2,0
2469,0,0,0,0,0,0,0,0,0,0
2470,14,0,14,0,14,0,14,0,14,0
2471,4,0,4,0,4,0,4,0,4,0
2472,55,3,55,3,55,3,55,3,55,3
2473,64,0,64,0,64,0,64,0,64,0
2474,1,25,1,25,1,25,1,25,1,25
2475,2,0,2,0,2,0,2,0,2,0
2476,23,0,23,0,23,0,23,0,23,0
2477,10,0,10,0,10,0,10,0,10,0
2478,8,0,8,0,8,0,8,0,8,0
2479,0,0,0,0,0,0,0,0,0,0
2480,2,2,2,2,2,2,2,2,2,2
2481,0,0,0,0,0,0,0,0,0,0
2482,7,0,7,0,7,0,7,0,7,0
2483,3,0,3,0,3,0,3,0,3,0
2484,0,0,0,0,0,0,0,0,0,0
2485,0,0,0,0,0,0,0,0,0,0
2486,3,0,3,0,3,0,3,0,3,0
2487,28,0,28,0,28,0,28,0,28,0
2488,3,0,3,0,3,0,3,0,3,0
2489,2,0,2,0,2,0,2,0,2,0
2490,1,0,1,0,1,0,1,0,1,0
2491,3,0,3,0,3,0,3,0,3,0
2492,82,0,82,0,82,0,82,0,82,0
2493,3,0,3,0,3,0,3,0,3,0
2494,2,0,2,0,2,0,2,0,2,0
2495,2,0,2,0,2,0,2,0,2,0
2496,1,0,1,0,1,0,1,0,1,0
2497,5,0,5,0,5,0,5,0,5,0
2498,0,0,0,0,0,0,0,0,0,0
2499,2,0,2,0,2,0,2,0,2,0
2500,3,0,3,0,3,0,3,0,3,0
2501,2,0,2,0,2,0,2,0,2,0
2502,1,2,1,2,1,2,1,2,1,2
2503,1,0,1,0,1,0,1,0,1,0
2504,2,0,2,0,2,0,2,0,2,0
2505,7,0,7,0,7,0,7,0,7,0
2506,100,0,100,0,100,0,100,0,100,0
2507,2,0,2,0,2,0,2,0,2,0
2508,7,0,7,0,7,0,7,0,7,0
2509,11,0,11,0,11,0,11,0,11,0
2510,3,0,3,0,3,0,3,0,3,0
2511,31,0,31,0,31,0,31,0,31,0
2512,2,0,2,0,2,0,2,0,2,0
2513,2,0,2,0,2,0,2,0,2,0
2514,12,0,12,0,12,0,12,0,12,0
2515,19,0,19,0,19,0,19,0,19,0
2516,6,0,6,0,6,0,6,0,6,0
2517,7,0,7,0,7,0,7,0,7,0
2518,12,0,12,0,12,0,12,0,12,0
2519,2,0,2,0,2,0,2,0,2,0
2520,14,0,14,0,14,0,14,0,14,0
2521,1,0,1,0,1,0,1,0,1,0
2522,2,0,2,0,2,0,2,0,2,0
2523,5,0,5,0,5,0,5,0,5,0
2524,1,0,1,0,1,0,1,0,1,0
2525,1,0,1,0,1,0,1,0,1,0
2526,2,0,2,0,2,0,2,0,2,0
2527,3,3,3,3,3,3,3,3,3,3
2528,3,0,3,0,3,0,3,0,3,0
2529,2,1,2,1,2,1,2,1,2,1
2530,4,0,4,0,4,0,4,0,4,0
2531,4,0,4,0,4,0,4,0,4,0
2532,0,0,0,0,0,0,0,0,0,0
2533,20,0,20,0,20,0,20,0,20,0
2534,3,0,3,0,3,0,3,0,3,0
2535,2,0,2,0,2,0,2,0,2,0
2536,15,0,15,0,15,0,15,0,15,0
2537,51,0,51,0,51,0,51,0,51,0
2538,3,0,3,0,3,0,3,0,3,0
2539,3,0,3,0,3,0,3,0,3,0
2540,15,0,15,0,15,0,15,0,15,0
2541,3,0,3,0,3,0,3,0,3,0
2542,9,0,9,0,9,0,9,0,9,0
2543,7,0,7,0,7,0,7,0,7,0
2544,7,0,7,0,7,0,7,0,7,0
2545,2,0,2,0,2,0,2,0,2,0
2546,51,0,51,0,51,0,51,0,51,0
2547,1,0,1,0,1,0,1,0,1,0
2548,1,0,1,0,1,0,1,0,1,0
2549,2,0,2,0,2,0,2,0,2,0
2550,3,0,3,0,3,0,3,0,3,0
2551,13,0,13,0,13,0,13,0,13,0
2552,1,0,1,0,1,0,1,0,1,0
2553,47,0,47,0,47,0,47,0,47,0
2554,28,0,28,0,28,0,28,0,28,0
2555,5,0,5,0,5,0,5,0,5,0
2556,1,0,1,0,1,0,1,0,1,0
2557,2,0,2,0,2,0,2,0,2,0
2558,2,0,2,0,2,0,2,0,2,0
2559,17,0,17,0,17,0,17,0,17,0
2560,4,0,4,0,4,0,4,0,4,0
2561,2,0,2,0,2,0,2,0,2,0
2562,2,0,2,0,2,0,2,0,2,0
2563,50,0,50,0,50,0,50,0,50,0
2564,2,0,2,0,2,0,2,0,2,0
2565,7,0,7,0,7,0,7,0,7,0
2566,2,0,2,0,2,0,2,0,2,0
2567,51,0,51,0,51,0,51,0,51,0
2568,2,0,2,0,2,0,2,0,2,0
2569,3,0,3,0,3,0,3,0,3,0
2570,4,0,4,0,4,0,4,0,4,0
2571,4,0,4,0,4,0,4,0,4,0
2572,2,0,2,0,2,0,2,0,2,0
2573,6,0,6,0,6,0,6,0,6,0
2574,2,0,2,0,2,0,2,0,2,0
2575,4,0,4,0,4,0,4,0,4,0
2576,1,0,1,0,1,0,1,0,1,0
2577,5,0,5,0,5,0,5,0,5,0
2578,12,0,12,0,12,0,12,0,12,0
2579,3,0,3,0,3,0,3,0,3,0
2580,2,0,2,0,2,0,2,0,2,0
2581,2,0,2,0,2,0,2,0,2,0
2582,4,0,4,0,4,0,4,0,4,0
2583,2,0,2,0,2,0,2,0,2,0
2584,2,0,2,0,2,0,2,0,2,0
2585,4,0,4,0,4,0,4,0,4,0
2586,4,0,4,0,4,0,4,0,4,0
2587,12,69,12,69,12,69,12,69,12,69
2588,0,0,0,0,0,0,0,0,0,0
2589,5,0,5,0,5,0,5,0,5,0
2590,10,0,10,0,10,0,10,0,10,0
2591,0,0,0,0,0,0,0,0,0,0
2592,3,0,3,0,3,0,3,0,3,0
2593,2,0,2,0,2,0,2,0,2,0
2594,2,0,2,0,2,0,2,0,2,0
2595,42,0,42,0,42,0,42,0,42,0
2596,1,0,1,0,1,0,1,0,1,0
2597,4,0,4,0,4,0,4,0,4,0
2598,15,0,15,0,15,0,15,0,15,0
2599,2,0,2,0,2,0,2,0,2,0
2600,2,0,2,0,2,0,2,0,2,0
2601,3,0,3,0,3,0,3,0,3,0
2602,2,0,2,0,2,0,2,0,2,0
2603,3,0,3,0,3,0,3,0,3,0
2604,3,0,3,0,3,0,3,0,3,0
2605,2,0,2,0,2,0,2,0,2,0
2606,2,0,2,0,2,0,2,0,2,0
2607,49,0,49,0,49,0,49,0,49,0
2608,1,0,1,0,1,0,1,0,1,0
2609,37,0,37,0,37,0,37,0,37,0
2610,0,0,0,0,0,0,0,0,0,0
2611,0,0,0,0,0,0,0,0,0,0
2612,6,0,6,0,6,0,6,0,6,0
2613,0,0,0,0,0,0,0,0,0,0
2614,44,0,44,0,44,0,44,0,44,0
2615,2,0,2,0,2,0,2,0,2,0
2616,42,0,42,0,42,0,42,0,42,0
2617,52,0,52,0,52,0,52,0,52,0
2618,1,0,1,0,1,0,1,0,1,0
2619,1,0,1,0,1,0,1,0,1,0
2620,2,0,2,0,2,0,2,0,2,0
2621,18,0,18,0,18,0,18,0,18,0
2622,18,0,18,0,18,0,18,0,18,0
2623,23,0,23,0,23,0,23,0,23,0
2624,10,0,10,0,10,0,10,0,10,0
2625,2,0,2,0,2,0,2,0,2,0
2626,2,0,2,0,2,0,2,0,2,0
2627,2,0,2,0,2,0,2,0,2,0
2628,17,200,17,200,17,200,17,200,17,200
2629,3,0,3,0,3,0,3,0,3,0
2630,2,0,2,0,2,0,2,0,2,0
2631,7,0,7,0,7,0,7,0,7,0
2632,3,2,3,2,3,2,3,2,3,2
2633,2,0,2,0,2,0,2,0,2,0
2634,1,0,1,0,1,0,1,0,1,0
2635,16,5,16,5,16,5,16,5,16,5
2636,5,0,5,0,5,0,5,0,5,0
2637,2,0,2,0,2,0,2,0,2,0
2638,12,0,12,0,12,0,12,0,12,0
2639,19,0,19,0,19,0,19,0,19,0
2640,1,0,1,0,1,0,1,0,1,0
2641,2,0,2,0,2,0,2,0,2,0
2642,14,0,14,0,14,0,14,0,14,0
2643,10,0,10,0,10,0,10,0,10,0
2644,0,0,0,0,0,0,0,0,0,0
2645,9,0,9,0,9,0,9,0,9,0
2646,2,0,2,0,2,0,2,0,2,0
2647,2,0,2,0,2,0,2,0,2,0
2648,2,0,2,0,2,0,2,0,2,0
2649,2,0,2,0,2,0,2,0,2,0
2650,4,3,4,3,4,3,4,3,4,3
2651,9,0,9,0,9,0,9,0,9,0
2652,2,0,2,0,2,0,2,0,2,0
2653,13,0,13,0,13,0,13,0,13,0
2654,3,0,3,0,3,0,3,0,3,0
2655,2,0,2,0,2,0,2,0,2,0
2656,11,0,11,0,11,0,11,0,11,0
2657,0,0,0,0,0,0,0,0,0,0
2658,2,0,2,0,2,0,2,0,2,0
2659,2,0,2,0,2,0,2,0,2,0
2660,12,0,12,0,12,0,12,0,12,0
2661,2,0,2,0,2,0,2,0,2,0
2662,3,0,3,0,3,0,3,0,3,0
2663,3,0,3,0,3,0,3,0,3,0
2664,6,0,6,0,6,0,6,0,6,0
2665,14,0,14,0,14,0,14,0,14,0
2666,0,0,0,0,0,0,0,0,0,0
2667,31,0,31,0,31,0,31,0,31,0
2668,23,0,23,0,23,0,23,0,23,0
2669,2,0,2,0,2,0,2,0,2,0
2670,5,0,5,0,5,0,5,0,5,0
2671,0,0,0,0,0,0,0,0,0,0
2672,0,0,0,0,0,0,0,0,0,0
2673,3,0,3,0,3,0,3,0,3,0
2674,1,0,1,0,1,0,1,0,1,0
2675,100,11,100,11,100,11,100,11,100,11
2676,98,0,98,0,98,0,98,0,98,0
2677,3,0,3,0,3,0,3,0,3,0
2678,4,0,4,0,4,0,4,0,4,0
2679,4,0,4,0,4,0,4,0,4,0
2680,2,0,2,0,2,0,2,0,2,0
2681,3,0,3,0,3,0,3,0,3,0
2682,1,0,1,0,1,0,1,0,1,0
2683,6,0,6,0,6,0,6,0,6,0
2684,32,0,32,0,32,0,32,0,32,0
2685,8,0,8,0,8,0,8,0,8,0
2686,2,0,2,0,2,0,2,0,2,0
2687,6,0,6,0,6,0,6,0,6,0
2688,1,0,1,0,1,0,1,0,1,0
2689,0,0,0,0,0,0,0,0,0,0
2690,1,0,1,0,1,0,1,0,1,0
2691,26,0,26,0,26,0,26,0,26,0
2692,25,0,25,0,25,0,25,0,25,0
2693,7,0,7,0,7,0,7,0,7,0
2694,10,0,10,0,10,0,10,0,10,0
2695,2,0,2,0,2,0,2,0,2,0
2696,50,0,50,0,50,0,50,0,50,0
2697,17,0,17,0,17,0,17,0,17,0
2698,8,0,8,0,8,0,8,0,8,0
2699,2,0,2,0,2,0,2,0,2,0
2700,3,0,3,0,3,0,3,0,3,0
2701,2,0,2,0,2,0,2,0,2,0
2702,57,0,57,0,57,0,57,0,57,0
2703,10,0,10,0,10,0,10,0,10,0
2704,1,0,1,0,1,0,1,0,1,0
2705,4,0,4,0,4,0,4,0,4,0
2706,3,0,3,0,3,0,3,0,3,0
2707,22,0,22,0,22,0,22,0,22,0
2708,1,0,1,0,1,0,1,0,1,0
2709,1,0,1,0,1,0,1,0,1,0
2710,6,0,6,0,6,0,6,0,6,0
2711,2,0,2,0,2,0,2,0,2,0
2712,2,0,2,0,2,0,2,0,2,0
2713,19,0,19,0,19,0,19,0,19,0
2714,12,0,12,0,12,0,12,0,12,0
2715,2,0,2,0,2,0,2,0,2,0
2716,3,0,3,0,3,0,3,0,3,0
2717,50,0,50,0,50,0,50,0,50,0
2718,4,0,4,0,4,0,4,0,4,0
2719,3,0,3,0,3,0,3,0,3,0
2720,1,0,1,0,1,0,1,0,1,0
2721,1,0,1,0,1,0,1,0,1,0
2722,1,0,1,0,1,0,1,0,1,0
2723,4,0,4,0,4,0,4,0,4,0
2724,0,0,0,0,0,0,0,0,0,0
2725,3,0,3,0,3,0,3,0,3,0
2726,0,0,0,0,0,0,0,0,0,0
2727,4,0,4,0,4,0,4,0,4,0
2728,2,0,2,0,2,0,2,0,2,0
2729,2,0,2,0,2,0,2,0,2,0
2730,24,0,24,0,24,0,24,0,24,0
2731,4,0,4,0,4,0,4,0,4,0
2732,3,0,3,0,3,0,3,0,3,0
2733,44,0,44,0,44,0,44,0,44,0
2734,4,0,4,0,4,0,4,0,4,0
2735,2,3,2,3,2,3,2,3,2,3
2736,0,0,0,0,0,0,0,0,0,0
2737,6,0,6,0,6,0,6,0,6,0
2738,2,0,2,0,2,0,2,0,2,0
2739,4,0,4,0,4,0,4,0,4,0
2740,0,0,0,0,0,0,0,0,0,0
2741,24,0,24,0,24,0,24,0,24,0
2742,24,0,24,0,24,0,24,0,24,0
2743,3,0,3,0,3,0,3,0,3,0
2744,2,0,2,0,2,0,2,0,2,0
2745,19,0,19,0,19,0,19,0,19,0
2746,2,0,2,0,2,0,2,0,2,0
2747,5,0,5,0,5,0,5,0,5,0
2748,4,30,4,30,4,30,4,30,4,30
2749,3,0,3,0,3,0,3,0,3,0
2750,7,0,7,0,7,0,7,0,7,0
2751,29,0,29,0,29,0,29,0,29,0
2752,29,0,29,0,29,0,29,0,29,0
2753,2,0,2,0,2,0,2,0,2,0
2754,7,0,7,0,7,0,7,0,7,0
2755,28,0,28,0,28,0,28,0,28,0
2756,13,0,13,0,13,0,13,0,13,0
2757,2,0,2,0,2,0,2,0,2,0
2758,2,0,2,0,2,0,2,0,2,0
2759,4,0,4,0,4,0,4,0,4,0
2760,27,0,27,0,27,0,27,0,27,0
2761,2,0,2,0,2,0,2,0,2,0
2762,2,2,2,2,2,2,2,2,2,2
2763,0,0,0,0,0,0,0,0,0,0
2764,2,0,2,0,2,0,2,0,2,0
2765,42,0,42,0,42,0,42,0,42,0
2766,2,0,2,0,2,0,2,0,2,0
2767,1,0,1,0,1,0,1,0,1,0
2768,0,0,0,0,0,0,0,0,0,0
2769,3,0,3,0,3,0,3,0,3,0
2770,1,0,1,0,1,0,1,0,1,0
2771,3,0,3,0,3,0,3,0,3,0
2772,11,0,11,0,11,0,11,0,11,0
2773,4,0,4,0,4,0,4,0,4,0
2774,2,3,2,3,2,3,2,3,2,3
2775,1,0,1,0,1,0,1,0,1,0
2776,3,0,3,0,3,0,3,0,3,0
2777,0,0,0,0,0,0,0,0,0,0
2778,3,0,3,0,3,0,3,0,3,0
2779,16,0,16,0,16,0,16,0,16,0
2780,2,0,2,0,2,0,2,0,2,0
2781,3,0,3,0,3,0,3,0,3,0
2782,0,0,0,0,0,0,0,0,0,0
2783,1,0,1,0,1,0,1,0,1,0
2784,0,0,0,0,0,0,0,0,0,0
2785,4,0,4,0,4,0,4,0,4,0
2786,0,0,0,0,0,0,0,0,0,0
2787,8,1,8,1,8,1,8,1,8,1
2788,3,0,3,0,3,0,3,0,3,0
2789,5,0,5,0,5,0,5,0,5,0
2790,36,0,36,0,36,0,36,0,36,0
2791,91,0,91,0,91,0,91,0,91,0
2792,2,0,2,0,2,0,2,0,2,0
2793,91,0,91,0,91,0,91,0,91,0
2794,85,0,85,0,85,0,85,0,85,0
2795,2,2,2,2,2,2,2,2,2,2
2796,9,0,9,0,9,0,9,0,9,0
2797,52,0,52,0,52,0,52,0,52,0
2798,63,0,63,0,63,0,63,0,63,0
2799,0,0,0,0,0,0,0,0,0,0
2800,2,0,2,0,2,0,2,0,2,0
2801,51,0,51,0,51,0,51,0,51,0
2802,2,0,2,0,2,0,2,0,2,0
2803,3,0,3,0,3,0,3,0,3,0
2804,3,0,3,0,3,0,3,0,3,0
2805,3,0,3,0,3,0,3,0,3,0
2806,1,0,1,0,1,0,1,0,1,0
2807,3,1,3,1,3,1,3,1,3,1
2808,0,0,0,0,0,0,0,0,0,0
2809,2,0,2,0,2,0,2,0,2,0
2810,78,0,78,0,78,0,78,0,78,0
2811,2,0,2,0,2,0,2,0,2,0
2812,3,0,3,0,3,0,3,0,3,0
2813,0,0,0,0,0,0,0,0,0,0
2814,83,0,83,0,83,0,83,0,83,0
2815,1,0,1,0,1,0,1,0,1,0
2816,2,0,2,0,2,0,2,0,2,0
2817,12,0,12,0,12,0,12,0,12,0
2818,2,0,2,0,2,0,2,0,2,0
2819,1,0,1,0,1,0,1,0,1,0
2820,2,0,2,0,2,0,2,0,2,0
2821,1,0,1,0,1,0,1,0,1,0
2822,8,0,8,0,8,0,8,0,8,0
2823,12,0,12,0,12,0,12,0,12,0
2824,24,0,24,0,24,0,24,0,24,0
2825,0,0,0,0,0,0,0,0,0,0
2826,2,2,2,2,2,2,2,2,2,2
2827,15,0,15,0,15,0,15,0,15,0
2828,6,0,6,0,6,0,6,0,6,0
2829,2,0,2,0,2,0,2,0,2,0
2830,3,0,3,0,3,0,3,0,3,0
2831,4,0,4,0,4,0,4,0,4,0
2832,3,1,3,1,3,1,3,1,3,1
2833,2,0,2,0,2,0,2,0,2,0
2834,3,0,3,0,3,0,3,0,3,0
2835,24,0,24,0,24,0,24,0,24,0
2836,2,0,2,0,2,0,2,0,2,0
2837,2,0,2,0,2,0,2,0,2,0
2838,9,0,9,0,9,0,9,0,9,0
2839,2,0,2,0,2,0,2,0,2,0
2840,2,1,2,1,2,1,2,1,2,1
2841,2,0,2,0,2,0,2,0,2,0
2842,46,0,46,0,46,0,46,0,46,0
2843,2,0,2,0,2,0,2,0,2,0
2844,2,0,2,0,2,0,2,0,2,0
2845,30,0,30,0,30,0,30,0,30,0
2846,1,0,1,0,1,0,1,0,1,0
2847,1,0,1,0,1,0,1,0,1,0
2848,0,0,0,0,0,0,0,0,0,0
2849,3,0,3,0,3,0,3,0,3,0
2850,1,0,1,0,1,0,1,0,1,0
2851,3,1,3,1,3,1,3,1,3,1
2852,74,0,74,0,74,0,74,0,74,0
2853,7,0,7,0,7,0,7,0,7,0
2854,0,0,0,0,0,0,0,0,0,0
2855,2,0,2,0,2,0,2,0,2,0
2856,13,0,13,0,13,0,13,0,13,0
2857,62,0,62,0,62,0,62,0,62,0
2858,1,0,1,0,1,0,1,0,1,0
2859,2,0,2,0,2,0,2,0,2,0
2860,4,0,4,0,4,0,4,0,4,0
2861,16,0,16,0,16,0,16,0,16,0
2862,2,0,2,0,2,0,2,0,2,0
2863,0,0,0,0,0,0,0,0,0,0
2864,27,0,27,0,27,0,27,0,27,0
2865,0,0,0,0,0,0,0,0,0,0
2866,1,0,1,0,1,0,1,0,1,0
2867,12,0,12,0,12,0,12,0,12,0
2868,2,0,2,0,2,0,2,0,2,0
2869,0,0,0,0,0,0,0,0,0,0
2870,1,0,1,0,1,0,1,0,1,0
2871,4,0,4,0,4,0,4,0,4,0
2872,2,0,2,0,2,0,2,0,2,0
2873,13,0,13,0,13,0,13,0,13,0
2874,3,7,3,7,3,7,3,7,3,7
2875,0,0,0,0,0,0,0,0,0,0
2876,12,0,12,0,12,0,12,0,12,0
2877,10,0,10,0,10,0,10,0,10,0
2878,4,0,4,0,4,0,4,0,4,0
2879,2,0,2,0,2,0,2,0,2,0
2880,1,0,1,0,1,0,1,0,1,0
2881,9,0,9,0,9,0,9,0,9,0
2882,2,0,2,0,2,0,2,0,2,0
2883,4,0,4,0,4,0,4,0,4,0
2884,2,0,2,0,2,0,2,0,2,0
2885,3,0,3,0,3,0,3,0,3,0
2886,20,0,20,0,20,0,20,0,20,0
2887,0,0,0,0,0,0,0,0,0,0
2888,1,0,1,0,1,0,1,0,1,0
2889,1,0,1,0,1,0,1,0,1,0
2890,4,0,4,0,4,0,4,0,4,0
2891,2,0,2,0,2,0,2,0,2,0
2892,0,0,0,0,0,0,0,0,0,0
2893,4,0,4,0,4,0,4,0,4,0
2894,1,0,1,0,1,0,1,0,1,0
2895,2,0,2,0,2,0,2,0,2,0
2896,0,0,0,0,0,0,0,0,0,0
2897,22,0,22,0,22,0,22,0,22,0
2898,3,0,3,0,3,0,3,0,3,0
2899,3,0,3,0,3,0,3,0,3,0
2900,0,0,0,0,0,0,0,0,0,0
2901,2,0,2,0,2,0,2,0,2,0
2902,2,0,2,0,2,0,2,0,2,0
2903,9,0,9,0,9,0,9,0,9,0
2904,3,0,3,0,3,0,3,0,3,0
2905,6,0,6,0,6,0,6,0,6,0
2906,24,0,24,0,24,0,24,0,24,0
2907,1,0,1,0,1,0,1,0,1,0
2908,54,0,54,0,54,0,54,0,54,0
2909,2,0,2,0,2,0,2,0,2,0
2910,16,0,16,0,16,0,16,0,16,0
2911,1,0,1,0,1,0,1,0,1,0
2912,1,0,1,0,1,0,1,0,1,0
2913,2,0,2,0,2,0,2,0,2,0
2914,25,0,25,0,25,0,25,0,25,0
2915,7,0,7,0,7,0,7,0,7,0
2916,3,0,3,0,3,0,3,0,3,0
2917,60,0,60,0,60,0,60,0,60,0
2918,2,0,2,0,2,0,2,0,2,0
2919,2,0,2,0,2,0,2,0,2,0
2920,34,0,34,0,34,0,34,0,34,0
2921,42,0,42,0,42,0,42,0,42,0
2922,3,0,3,0,3,0,3,0,3,0
2923,25,0,25,0,25,0,25,0,25,0
2924,24,0,24,0,24,0,24,0,24,0
2925,3,0,3,0,3,0,3,0,3,0
2926,65,0,65,0,65,0,65,0,65,0
2927,0,0,0,0,0,0,0,0,0,0
2928,8,0,8,0,8,0,8,0,8,0
2929,0,0,0,0,0,0,0,0,0,0
2930,4,0,4,0,4,0,4,0,4,0
2931,31,0,31,0,31,0,31,0,31,0
2932,2,0,2,0,2,0,2,0,2,0
2933,61,0,61,0,61,0,61,0,61,0
2934,83,0,83,0,83,0,83,0,83,0
2935,2,0,2,0,2,0,2,0,2,0
2936,2,0,2,0,2,0,2,0,2,0
2937,1,0,1,0,1,0,1,0,1,0
2938,2,0,2,0,2,0,2,0,2,0
2939,41,0,41,0,41,0,41,0,41,0
2940,2,0,2,0,2,0,2,0,2,0
2941,0,0,0,0,0,0,0,0,0,0
2942,3,0,3,0,3,0,3,0,3,0
2943,0,0,0,0,0,0,0,0,0,0
2944,100,199,100,199,100,199,100,199,100,199
2945,0,0,0,0,0,0,0,0,0,0
2946,40,0,40,0,40,0,40,0,40,0
2947,2,0,2,0,2,0,2,0,2,0
2948,1,0,1,0,1,0,1,0,1,0
2949,60,0,60,0,60,0,60,0,60,0
2950,0,0,0,0,0,0,0,0,0,0
2951,2,0,2,0,2,0,2,0,2,0
2952,29,0,29,0,29,0,29,0,29,0
2953,0,0,0,0,0,0,0,0,0,0
2954,2,2,2,2,2,2,2,2,2,2
2955,0,0,0,0,0,0,0,0,0,0
2956,3,0,3,0,3,0,3,0,3,0
2957,2,0,2,0,2,0,2,0,2,0
2958,1,0,1,0,1,0,1,0,1,0
2959,2,0,2,0,2,0,2,0,2,0
2960,31,0,31,0,31,0,31,0,31,0
2961,7,0,7,0,7,0,7,0,7,0
2962,1,0,1,0,1,0,1,0,1,0
2963,2,0,2,0,2,0,2,0,2,0
2964,0,0,0,0,0,0,0,0,0,0
2965,4,0,4,0,4,0,4,0,4,0
2966,25,0,25,0,25,0,25,0,25,0
2967,19,0,19,0,19,0,19,0,19,0
2968,37,0,37,0,37,0,37,0,37,0
2969,13,0,13,0,13,0,13,0,13,0
2970,10,0,10,0,10,0,10,0,10,0
2971,2,0,2,0,2,0,2,0,2,0
2972,90,0,90,0,90,0,90,0,90,0
2973,2,0,2,0,2,0,2,0,2,0
2974,2,0,2,0,2,0,2,0,2,0
2975,2,0,2,0,2,0,2,0,2,0
2976,11,0,11,0,11,0,11,0,11,0
2977,0,0,0,0,0,0,0,0,0,0
2978,7,0,7,0,7,0,7,0,7,0
2979,1,0,1,0,1,0,1,0,1,0
2980,0,0,0,0,0,0,0,0,0,0
2981,6,0,6,0,6,0,6,0,6,0
2982,2,0,2,0,2,0,2,0,2,0
2983,2,0,2,0,2,0,2,0,2,0
2984,2,0,2,0,2,0,2,0,2,0
2985,1,0,1,0,1,0,1,0,1,0
2986,22,0,22,0,22,0,22,0,22,0
2987,8,0,8,0,8,0,8,0,8,0
2988,2,0,2,0,2,0,2,0,2,0
2989,0,0,0,0,0,0,0,0,0,0
2990,24,0,24,0,24,0,24,0,24,0
2991,1,0,1,0,1,0,1,0,1,0
2992,2,0,2,0,2,0,2,0,2,0
2993,11,0,11,0,11,0,11,0,11,0
2994,0,0,0,0,0,0,0,0,0,0
2995,2,0,2,0,2,0,2,0,2,0
2996,2,0,2,0,2,0,2,0,2,0
